用   途   分   類,全   国,世 帯 数,人口５万以上の市,大 都 市,中 都 市,小都市Ａ,小都市Ｂ,北 海 道,東   北,関   東,北   陸,東   海,近   畿,中   国,四   国,九   州,沖   縄,関   東_1,中   京,近   畿_1,北九州・,札 幌 市,青 森 市,盛 岡 市,仙 台 市,秋 田 市,山 形 市,福 島 市,水 戸 市,宇都宮市,前 橋 市,さいたま市,千 葉 市,東京都区部,横 浜 市,新 潟 市,富 山 市,金 沢 市,福 井 市,甲 府 市,長 野 市,岐 阜 市,静 岡 市,名古屋市,津   市,大 津 市,京 都 市,大 阪 市,神 戸 市,奈 良 市,和歌山市,鳥 取 市,松 江 市,岡 山 市,広 島 市,山 口 市,徳 島 市,高 松 市,松 山 市,高 知 市,福 岡 市,佐 賀 市,長 崎 市,熊 本 市,大 分 市,宮 崎 市,鹿児島市,那 覇 市,川 崎 市,相模原市,浜 松 市,堺   市,北九州市
 世帯数分布(抽出率調整)    ,10000,...,8423,2781,3148,2494,1577,443,685,3622,401,1172,1655,589,305,1022,105,2947,758,1448,369,151,23,22,76,25,19,22,21,40,27,100,79,671,300,62,32,34,20,16,31,32,56,172,23,27,111,197,123,30,30,15,16,54,91,15,20,32,40,26,106,18,35,57,38,32,48,25,110,58,62,68,77
 集計世帯数        ,7784,...,7301,2323,3968,1010,483,277,777,2046,521,719,1044,636,467,1032,265,1406,366,979,288,94,95,95,93,93,94,94,94,94,92,94,93,386,129,94,95,96,95,91,94,95,96,106,83,92,94,128,92,95,93,93,92,88,91,94,93,94,94,92,90,95,94,95,95,91,94,161,92,90,93,93,93
 世帯人員(人)         ,3.05,...,3.05,3.02,3.04,3.1,3.07,2.84,3.24,3.01,3.27,3.18,3.02,3.02,2.96,3.02,3.22,3.01,3.14,3.03,2.95,2.91,3.17,3.15,2.97,2.95,3.29,2.98,2.92,3.06,3,3.05,2.89,2.97,3.04,3.18,3.2,3.24,3.37,3.15,2.91,3.14,3.08,3,3.13,3.04,3.11,3.1,2.92,3.04,2.99,3.29,3.11,3.11,2.88,3.11,3.14,2.93,3.11,2.99,3.13,3.1,3,3.09,3.02,3.01,3.14,3.34,3.09,3.09,3.36,3.01,2.82
　18歳未満人員(人),0.59,...,0.59,0.57,0.61,0.6,0.57,0.55,0.54,0.57,0.71,0.64,0.57,0.59,0.61,0.62,0.88,0.56,0.64,0.56,0.58,0.58,0.62,0.64,0.56,0.54,0.69,0.55,0.64,0.71,0.6,0.66,0.49,0.53,0.55,0.56,0.6,0.77,0.66,0.71,0.56,0.72,0.53,0.52,0.59,0.75,0.54,0.64,0.48,0.55,0.59,0.69,0.69,0.75,0.53,0.7,0.69,0.58,0.84,0.61,0.78,0.62,0.58,0.65,0.6,0.71,0.82,0.83,0.64,0.65,0.81,0.61,0.44
　65歳以上人員(人),0.76,...,0.75,0.73,0.74,0.79,0.79,0.71,0.9,0.78,0.7,0.72,0.79,0.69,0.67,0.71,0.53,0.76,0.72,0.78,0.73,0.59,0.66,0.82,0.82,0.84,0.82,0.68,0.73,0.62,0.71,0.63,1.02,0.71,0.75,0.87,0.74,0.58,0.81,0.8,0.77,0.84,0.89,0.81,0.78,0.64,0.91,0.63,0.91,0.75,0.7,0.72,0.78,0.52,0.74,0.71,0.7,0.77,0.53,0.57,0.59,0.79,0.79,0.61,0.64,0.63,0.49,0.6,0.53,0.68,0.71,0.84,0.85
　 うち無職者人員(人),0.61,...,0.61,0.59,0.6,0.63,0.61,0.6,0.7,0.62,0.58,0.57,0.64,0.56,0.48,0.57,0.44,0.62,0.58,0.64,0.62,0.47,0.59,0.7,0.74,0.69,0.7,0.56,0.6,0.49,0.57,0.5,0.88,0.54,0.63,0.72,0.58,0.43,0.62,0.62,0.6,0.67,0.73,0.64,0.71,0.56,0.73,0.47,0.78,0.68,0.57,0.54,0.64,0.39,0.65,0.56,0.51,0.61,0.49,0.46,0.48,0.67,0.66,0.55,0.5,0.53,0.42,0.54,0.46,0.58,0.56,0.67,0.73
 有業人員(人)         ,1.34,...,1.31,1.3,1.29,1.35,1.47,1.16,1.53,1.29,1.57,1.45,1.24,1.37,1.46,1.32,1.37,1.27,1.39,1.25,1.19,1.26,1.33,1.28,1.12,1.22,1.54,1.42,1.21,1.39,1.38,1.34,1.05,1.36,1.26,1.45,1.62,1.57,1.68,1.4,1.42,1.29,1.35,1.33,1.36,1.1,1.28,1.39,1.2,1.13,1.18,1.6,1.35,1.36,1.18,1.39,1.42,1.33,1.1,1.47,1.34,1.31,1.25,1.33,1.43,1.25,1.34,1.33,1.3,1.32,1.56,1.14,1.14
 世帯主の配偶者のうち女の有業率(％),35.4,...,34,32.8,33.7,35.9,42.9,32.6,39.2,33,46,40.3,30.6,38.1,43.3,36.8,35.8,31.6,38.2,29.4,30.9,33.3,30.4,29,26,28.1,45,39.8,32.1,40.8,42.2,33.3,23.6,33.8,30.1,39.2,43.8,42.2,45.5,36.6,41,36.8,36.1,32.4,40.7,24.3,31.3,32.3,30.7,26.2,25.5,42.7,41.6,36.4,31.8,43.9,42.7,36.2,26,46.3,38.8,36.3,33.6,36.1,38.3,35.9,41.2,31.1,29.8,39.8,43.9,28,30.4
 世帯主の年齢(歳)      ,57.9,...,57.8,57.6,57.6,58.4,58.3,58.4,59.3,58.1,55.6,57.1,58.6,57.3,57.4,57.7,54.2,58.2,57.3,58.6,57.9,56.6,58.3,59.9,59.8,59.9,58.9,59.4,57.2,56.3,56.7,55.5,61.4,57.2,58.1,58.2,55.7,53.8,57.6,57.8,58.1,57.4,60.8,58.6,58.6,56.2,61.5,56,60,58.9,58.1,56.7,58.4,53.8,58.9,57.3,56.8,57.5,54.2,55.7,54.1,59.5,59.6,55.6,57,56.5,55,55.8,54.9,56.5,55.6,59,60.9
 持家率(％),83.5,...,82.9,79.7,81.6,88.1,86.9,80.3,85.5,83.8,85.8,87.3,86.7,79.9,82.6,76.6,62.6,83,86.5,86,72.1,77.4,80.9,82,82.4,81.1,79.9,78.1,82.9,75.7,77.7,88.1,89.9,74.9,81,86.9,88,81.1,88.5,76.2,79.7,89.8,89.6,83.4,91.3,93.3,90.4,77.2,87.2,91.9,92.2,81.6,78.9,73.6,76.2,87.3,70.5,82,73.2,69.7,57.5,77.3,77.1,72,71.2,70.2,73.5,62.3,73.3,89.8,84,92.8,85.3
　  平均畳数,39.8,...,39.1,36.1,39.8,41.3,43.6,41.7,46.3,36.6,45.9,45.2,38.6,40.1,42.9,38.9,31.7,35.3,44.1,38.5,37.7,39.6,45.5,41.7,38.2,44.2,45.2,43.1,43.1,43,38.6,36.8,34.7,33.4,33.2,42.9,44.5,46.3,45.9,42.7,46.2,40.9,41.7,39.8,41.7,37.8,38.4,33.6,31.7,39.4,40,42.6,46.1,39.2,42.6,41.5,43.3,41.8,37.6,37.1,38.2,43.8,35.4,41.4,42.7,36.6,35.9,29.9,32.2,31.1,48.6,37,34.2
　 うち住宅ローンを支払っている世帯の割合(％),...,...,...,...,...,...,...,...,...,...,...,...,...,...,...,...,...,...,...,...,...,...,...,...,...,...,...,...,...,...,...,...,...,...,...,...,...,...,...,...,...,...,...,...,...,...,...,...,...,...,...,...,...,...,...,...,...,...,...,...,...,...,...,...,...,...,...,...,...,...,...,...,...
　　平均畳数,...,...,...,...,...,...,...,...,...,...,...,...,...,...,...,...,...,...,...,...,...,...,...,...,...,...,...,...,...,...,...,...,...,...,...,...,...,...,...,...,...,...,...,...,...,...,...,...,...,...,...,...,...,...,...,...,...,...,...,...,...,...,...,...,...,...,...,...,...,...,...,...,...
 家賃・地代を支払っている世帯の割合(％),15.5,...,16,19,17.1,11.2,12.8,19.5,13.7,15,13.6,12.4,12.5,17.6,15.5,22.3,37.2,15.8,13.3,13.2,26.1,22,19.3,16,17.3,17,18.1,22.3,17.2,24,16.4,11.4,9.7,23.6,17.8,10.4,11.5,20.9,12.3,19.6,18.9,11.5,10.3,15.6,6.8,8.4,9.1,23,10.7,8.6,7.1,12.5,17.6,22.7,21.9,12.1,24.4,17.9,26,28.7,37.6,21.1,22.6,26.6,26.9,25.8,23.3,36.9,25,8,15.2,7.9,14.1
　平均畳数,24,...,23.7,23.5,23.4,24.8,25.6,27.6,26,22.6,22.3,24.8,25,23.2,25,24.3,22.2,22.2,22.6,24.9,23.8,27.4,24.8,26.9,25.2,26.4,24.1,22.1,27.5,25,22.1,27.1,25.3,22.2,22.3,23.4,20.8,28.1,26.3,24.4,23.2,24.5,25.9,22.4,30.7,35.7,24.2,23.9,22.7,26.7,29.1,25.5,22.2,24.8,25.2,22.7,27.3,26.4,23.9,24.3,23.9,25.6,25.2,24.9,25.9,21.1,24.1,19.9,21.3,24.2,24.3,28.4,22.3
 農林漁家世帯の割合(％),1.6,...,1,0.1,0.2,2.8,5,0,7.2,0.6,0.7,0.8,1.4,1,2.3,3.9,2,0.3,0.6,0.4,1.7,0,0,1,0,0,0,3.7,0,0,0,0.5,0,0,0,0.8,0,0,11.3,0.7,0.6,0,0,0,0,0,0,0,0,0,0.5,6.8,0.8,0.6,0,4.5,0,1.1,0,0,0,0.9,0,0,0,1.6,0,0,0,0,3.7,0,0
消費支出,290454,10000,293193,303900,295822,277941,275845,260784,268023,303611,295430,298940,291737,282136,291412,269707,220972,308503,294850,295980,277177,279190,246445,276415,289429,272864,314882,274195,290219,308699,285730,308737,280173,333331,309536,277591,323697,324434,287092,271790,291643,272039,306847,306559,289603,271287,309384,272813,267048,307879,258464,266115,296630,289791,293691,284689,308550,319050,276489,286019,287896,294585,279678,270470,311824,263806,300766,239654,336392,295095,305707,305094,275836
食料,68604,10000,69695,74200,68507,66172,62777,60408,63784,72477,68186,69117,71649,64735,63749,61311,55760,74331,69504,72827,64487,63975,62383,65103,70398,64728,70186,63729,64636,67674,65083,74241,72684,81466,77034,69774,72474,71501,65732,67396,66340,63946,72938,74707,66398,66645,79652,72205,68819,71345,64350,65865,65488,63507,69287,62939,68063,65096,63350,66276,66954,68411,64277,60426,64163,59693,63691,57278,80351,69702,70738,73789,65300
穀類,6242,9984,6338,6625,6242,6138,5734,6284,5344,6313,6431,6484,6771,5932,5731,5740,5876,6506,6554,6894,6171,6235,6365,6247,5588,5352,6127,5445,5173,5594,5981,6681,6345,6538,6853,6479,6660,6224,6394,6492,5479,6296,7045,6765,6169,6441,7654,6744,6960,7037,6267,6014,6000,6161,6204,5517,6288,5990,6447,5813,6544,6597,6743,5632,5682,4963,5587,5858,6984,6719,6554,7270,6230
米,2239,4973,2267,2362,2236,2198,2090,2754,1898,2234,2398,2414,2300,1896,1826,2193,2499,2306,2420,2368,2432,2661,2417,2186,1900,1847,2486,2217,1656,1721,2175,2137,2198,2215,2448,2622,2141,2039,2408,2689,1986,2532,3019,2524,2116,2134,2779,2271,2222,2590,1977,1849,1975,1582,2125,1750,2011,1828,2106,1999,2492,2911,2879,2174,2121,1880,2039,2493,2343,2540,2663,2726,2564
パン,2296,9735,2346,2521,2290,2220,2029,1837,1700,2306,2304,2317,2763,2400,2266,2062,1898,2415,2374,2794,2211,1855,2014,2320,1915,1784,1775,1625,2013,2120,2025,2572,2415,2621,2520,2203,2632,2462,2401,1936,1880,2106,2379,2395,2335,2717,2977,2786,3097,2643,2723,2333,2325,2818,2426,2165,2568,2421,2630,2112,2487,2146,2331,2014,1975,1671,2045,1930,2669,2392,2315,2741,2155
めん類,1319,9509,1327,1324,1329,1329,1274,1328,1444,1362,1308,1333,1309,1268,1298,1143,1088,1365,1342,1325,1154,1346,1624,1377,1432,1431,1523,1288,1143,1363,1471,1487,1303,1290,1399,1266,1429,1276,1220,1500,1267,1227,1237,1366,1298,1201,1416,1302,1246,1329,1209,1422,1322,1367,1252,1228,1318,1371,1336,1303,1183,1185,1171,1099,1191,1085,1179,1055,1553,1398,1228,1390,1114
他の穀類,389,5792,398,418,387,391,340,365,302,411,421,420,400,368,341,342,391,421,417,407,374,373,310,364,342,290,344,314,361,390,310,485,430,413,486,387,458,446,366,367,346,432,410,479,421,390,481,386,395,475,359,409,378,395,400,375,392,370,376,399,382,356,362,344,395,328,325,380,420,388,349,412,398
魚介類,6146,9913,6149,6334,6043,6076,6132,6080,6778,6263,6260,5847,6492,6099,5641,5548,3256,6339,5565,6516,6090,6179,6940,6388,6546,6596,6415,5869,5236,5287,5622,5836,6844,6391,6873,6791,7068,6058,5525,6534,6162,4817,6905,6052,6026,5948,7289,6005,6081,6108,6443,6367,5771,5513,6207,6271,5537,5451,5152,5884,5208,6498,6448,4981,5743,4682,4879,3545,6441,5556,6065,6724,7231
生鮮魚介,3626,9477,3630,3802,3554,3535,3601,3312,3787,3613,3755,3396,3953,3845,3407,3496,1929,3710,3247,3983,3909,3414,3937,3497,3745,3660,3330,3275,3021,2877,3141,3384,4008,3793,4108,3815,4348,3927,3222,3535,3315,2784,3841,3685,3573,3514,4377,3798,3843,3633,4057,3546,3537,3579,4060,3852,3171,3577,3090,3410,3231,4081,3948,3009,3587,2806,3008,2098,3812,3178,3682,4071,4693
塩干魚介,1086,8203,1088,1111,1067,1087,1076,1196,1364,1154,1118,993,1108,984,944,857,214,1145,907,1109,985,1234,1421,1461,1133,1396,1448,1141,1016,1001,1085,1074,1269,1153,1186,1504,1110,874,933,1295,1183,812,1326,985,1007,1112,1251,969,911,1068,1125,1339,1031,860,915,1058,1020,711,822,1141,909,942,938,857,943,739,711,246,1185,1047,992,1174,1234
魚肉練製品,656,8452,650,634,652,665,689,582,668,604,586,677,750,712,750,689,352,608,669,734,650,567,567,505,760,483,657,597,456,530,479,538,656,581,686,510,623,577,671,613,607,552,781,649,743,595,753,674,704,669,715,840,650,550,676,768,833,677,782,821,576,887,1002,628,680,547,607,412,567,593,608,769,711
他の魚介加工品,778,7688,781,786,770,789,765,990,959,892,801,781,681,558,539,507,761,876,741,690,544,965,1015,924,907,1056,981,855,742,880,917,840,911,864,894,961,986,679,698,1091,1058,668,958,733,703,727,908,564,622,738,545,641,552,524,556,593,512,485,459,512,492,587,561,486,533,590,552,789,877,738,783,710,592
肉類,6392,9909,6439,6845,6261,6213,6137,5388,5335,6107,5851,6417,7600,6799,6315,6689,5129,6332,6382,7682,7001,5943,5638,4865,5506,5342,6198,4969,4956,5205,4715,6558,6015,6821,7245,5414,6147,6048,6398,6166,4679,5955,5995,6745,6372,7444,8414,7669,6897,7634,8404,6612,6098,6543,7067,6658,6769,6208,6296,6137,7543,6592,6830,6735,7103,5807,6630,5321,6950,5922,5422,7784,7223
生鮮肉,5066,9770,5101,5499,4951,4845,4880,3930,4087,4728,4504,4939,6316,5585,5257,5518,3885,4932,4922,6382,5838,4443,4210,3739,4214,4118,4831,3770,3785,3922,3450,5183,4704,5446,5778,4120,4680,4700,4898,4902,3414,4600,4718,5317,5040,6216,7062,6447,5735,6410,7143,5313,4899,5301,5839,5248,5639,5163,5156,5064,6277,5442,5417,5564,5883,4720,5355,4062,5440,4546,4113,6501,6098
加工肉,1326,9054,1339,1345,1310,1367,1257,1458,1247,1379,1347,1478,1283,1214,1058,1171,1244,1400,1460,1300,1163,1500,1428,1125,1292,1224,1366,1199,1170,1283,1265,1374,1310,1376,1467,1294,1467,1348,1500,1264,1265,1355,1277,1428,1333,1228,1351,1222,1162,1224,1261,1299,1199,1242,1228,1410,1131,1045,1139,1073,1266,1150,1413,1171,1220,1087,1275,1259,1510,1376,1309,1283,1125
乳卵類,3367,9949,3418,3494,3373,3390,3097,2803,3360,3506,3271,3499,3586,3210,3199,2869,2671,3553,3501,3651,3028,2950,2886,3511,3642,3081,3582,3157,3565,3222,3159,3620,3790,3651,3759,3535,3375,3528,3087,3402,3413,3123,3528,3422,3737,3284,3871,3229,3308,3796,3129,3820,3410,3079,3504,3286,3143,3315,3260,3080,3144,3175,3085,2929,3312,3036,2959,2781,3622,3240,3802,3521,3005
牛乳,1266,8620,1280,1277,1258,1310,1193,927,1378,1243,1252,1327,1442,1281,1233,1117,846,1250,1304,1456,1169,969,993,1355,1175,1207,1430,1031,1262,1096,1074,1342,1443,1308,1333,1181,1322,1345,1207,1140,1235,1156,1391,1190,1479,1320,1562,1247,1289,1557,1282,1629,1537,1170,1394,1303,1321,1321,1305,937,1180,1187,1128,1075,1293,1243,1073,936,1267,1101,1436,1470,1135
乳製品,1428,9033,1459,1526,1444,1403,1261,1292,1339,1599,1368,1497,1403,1267,1289,1091,1115,1636,1526,1445,1186,1343,1331,1512,1757,1311,1484,1428,1675,1529,1542,1604,1700,1682,1688,1664,1500,1532,1183,1575,1538,1316,1490,1528,1546,1282,1517,1244,1308,1433,1125,1474,1173,1317,1447,1360,1250,1389,1223,1317,1264,1276,1234,1092,1270,1225,1181,1125,1683,1473,1697,1318,1181
卵,673,9417,679,691,670,677,643,583,643,665,651,676,741,662,677,662,711,666,671,750,673,638,562,645,710,563,668,698,628,597,544,674,646,661,738,690,553,651,697,688,640,651,647,704,713,682,793,738,711,806,723,716,700,593,663,624,571,605,732,827,701,711,723,762,749,568,705,720,672,666,669,733,690
野菜・海藻,8203,9990,8392,9097,8214,7832,7194,7464,8490,8874,8361,7665,8658,7116,6848,6971,6586,9219,7638,8836,7581,7974,8627,8628,9755,8775,9043,8458,7553,7703,7694,9164,9695,9940,9877,9737,9104,8573,7770,8644,7821,6984,9299,8623,7320,8087,9909,8343,8557,8633,7199,7431,7365,6681,7773,6776,7400,7017,7101,7312,7792,7959,7156,6981,7695,6752,7284,6954,10084,8672,7702,8904,8367
生鮮野菜,5471,9972,5641,6254,5504,5132,4559,5024,5229,5999,5414,4995,5899,4757,4467,4627,4629,6293,5033,6054,5195,5486,5629,5407,6375,5897,5807,5466,4901,4986,4957,6202,6441,6896,6943,6596,6132,5717,4878,5824,5180,4472,6243,5845,4828,5382,6637,5907,5837,5800,4828,4752,4729,4505,5277,4434,4886,4673,4719,4924,5473,5255,4828,4575,4999,4528,4869,4830,7055,5947,5053,6090,5764
乾物・海藻,650,8170,659,677,651,650,603,575,750,673,673,650,658,598,561,586,515,689,633,663,657,575,668,741,833,739,750,649,593,560,628,674,805,693,698,744,701,677,639,691,728,608,751,676,598,618,827,543,629,711,588,596,678,527,668,633,603,545,556,584,610,610,629,587,677,543,580,563,698,705,628,653,747
大豆加工品,1059,9819,1058,1062,1046,1069,1065,905,1331,1078,1185,1006,1073,935,1028,962,907,1093,982,1085,915,892,1091,1302,1292,1008,1278,1134,1091,1035,1091,1201,1188,1111,1066,1151,1156,1155,1199,1064,964,963,1165,1004,941,1021,1191,958,1042,1016,823,1103,1051,867,933,883,1017,1002,1007,903,874,1114,887,1054,1087,917,1038,952,1122,1026,1100,1089,959
他の野菜・海藻加工品,1023,9311,1033,1104,1012,981,967,960,1181,1123,1089,1014,1028,827,792,796,536,1145,989,1034,815,1021,1239,1178,1255,1130,1209,1210,968,1123,1017,1087,1261,1241,1170,1246,1115,1025,1055,1065,949,941,1141,1098,952,1065,1254,935,1049,1106,959,980,907,783,894,826,895,797,820,901,834,980,811,764,932,764,796,609,1209,994,921,1072,897
果物,2590,9383,2640,2776,2628,2503,2325,2537,2462,2798,2627,2431,2741,2444,2399,2109,1810,2863,2492,2803,2258,2436,2361,2856,3049,2749,2375,2214,2628,2408,2613,2662,3358,3081,2906,2914,2873,2679,2199,2379,2668,2010,2644,2800,2546,2433,2773,2372,2857,2877,2204,2754,2458,2227,2624,2296,2547,2428,2224,2418,2082,2326,2135,2082,2396,2228,2236,2076,2936,2592,2273,2731,2798
生鮮果物,2412,9263,2459,2575,2454,2336,2159,2363,2303,2592,2471,2261,2565,2285,2256,1964,1678,2652,2326,2618,2091,2220,2201,2655,2827,2579,2179,2077,2508,2262,2421,2443,3088,2857,2642,2757,2718,2480,2090,2197,2471,1886,2429,2621,2354,2231,2594,2213,2682,2635,2073,2570,2331,2107,2443,2156,2411,2313,2100,2274,1921,2130,1998,1911,2198,2084,2076,1924,2764,2398,2122,2595,2612
果物加工品,178,3081,181,202,173,167,166,173,159,206,157,170,176,159,142,144,132,212,166,185,167,216,161,201,222,171,196,137,120,146,193,219,270,224,264,157,156,199,109,182,197,124,215,179,192,202,180,158,175,242,131,184,126,121,181,140,136,116,125,144,162,196,136,171,198,144,159,151,172,194,151,136,186
油脂・調味料,3228,9938,3237,3276,3203,3237,3182,2880,3190,3286,3161,3258,3300,3217,3096,3161,2845,3304,3137,3328,3226,2999,3155,3106,3212,3173,3284,2933,2902,2926,3090,3292,3282,3347,3488,3347,3165,3324,2877,3315,3228,3158,3337,3252,3289,3240,3607,3067,3045,3504,2922,3526,3355,3041,3245,3266,3120,3138,3139,3371,3116,3458,3163,3077,3250,2998,3240,2872,3482,3238,3212,3371,3043
油脂,319,6017,321,333,313,318,309,285,285,329,291,318,324,331,307,315,364,338,315,329,335,314,313,281,306,289,302,269,282,271,274,349,358,334,394,328,272,310,257,306,299,315,325,323,303,317,378,294,303,335,298,322,340,313,328,352,287,336,336,308,327,303,332,314,326,286,306,351,327,323,325,299,294
調味料,2909,9926,2916,2943,2890,2919,2873,2595,2904,2956,2870,2940,2976,2886,2789,2846,2480,2966,2822,3000,2891,2685,2842,2825,2906,2884,2982,2664,2620,2655,2816,2943,2924,3012,3094,3019,2893,3014,2620,3009,2930,2842,3012,2929,2986,2923,3230,2772,2742,3169,2624,3204,3014,2729,2917,2915,2832,2802,2803,3064,2790,3155,2831,2764,2924,2712,2933,2521,3154,2915,2887,3072,2749
菓子類,5038,9896,5095,5297,5093,4871,4733,4790,4888,5286,5055,5247,5002,4815,4719,4514,3929,5331,5403,5088,4532,4891,4776,5156,5348,4806,5694,5059,5366,5293,4846,5514,5392,5616,5409,4939,5547,5795,5276,4855,5135,4685,5022,5513,5541,4831,5769,4727,5234,5405,4552,5185,4710,5124,4920,4971,4899,4502,5118,4582,4647,4761,4646,4553,4667,4506,4932,4406,5775,5330,5563,4961,4700
調理食品,8433,9953,8518,8991,8469,8053,7977,6514,7812,9040,9273,8568,8534,7927,7955,7392,7649,9254,8210,8712,7297,7049,7564,7509,8138,7776,8527,8808,7981,9102,8982,8846,8389,9765,9323,9326,9829,9080,9622,8991,8069,7360,10242,8654,8570,8233,9773,9118,8130,8464,8009,7733,7173,7938,8839,7870,8772,8001,7600,9160,6945,8913,7779,7252,7656,7676,7680,7635,10397,8351,10955,9279,7547
主食的調理食品,3543,9324,3614,3819,3625,3371,3164,2679,2937,3940,3150,3536,3523,3389,3599,3183,3557,4015,3612,3610,3258,2913,2813,3179,3589,2997,3198,3476,3539,4096,4040,3799,3503,4261,3848,3463,3519,3478,3072,3783,3648,2827,3967,3889,3678,3045,3800,3822,3514,3190,3675,3047,2934,3752,3856,3571,3606,3480,3448,3839,3098,3608,3415,3030,3526,3130,3324,3226,4436,3676,4208,3631,3390
他の調理食品,4890,9864,4904,5172,4844,4682,4812,3835,4875,5100,6123,5032,5011,4539,4356,4209,4092,5240,4598,5102,4039,4136,4751,4331,4548,4779,5329,5333,4442,5006,4942,5046,4886,5504,5475,5863,6310,5602,6549,5208,4421,4534,6275,4765,4892,5188,5973,5295,4616,5274,4334,4685,4239,4186,4983,4299,5166,4521,4152,5320,3846,5305,4364,4222,4130,4546,4355,4409,5961,4675,6747,5648,4157
飲料,3993,9822,4036,4138,4043,3913,3765,3974,4006,4344,3841,3870,3768,3621,3702,3606,4063,4416,3926,3785,3597,3857,3881,3747,4338,3702,3896,4061,4336,4833,4408,4589,4803,4704,4294,4081,4067,4039,3448,3801,3632,3447,3705,3817,3867,3351,3637,3676,3501,3801,3813,3744,3304,3617,3484,3899,4009,3550,3891,3550,3654,4090,3341,3302,3576,3623,3999,4072,4872,3923,4005,3709,3687
茶類,962,7687,981,1040,957,945,859,944,862,1166,828,905,813,714,667,900,952,1202,930,842,922,959,870,851,1106,907,936,899,1144,1110,1063,1104,1263,1248,1119,899,1008,806,725,950,907,806,974,1045,969,791,767,794,790,874,749,659,797,665,758,825,766,752,619,595,824,1026,969,883,1035,938,884,826,1353,1142,974,773,1036
コーヒー・ココア,775,6941,786,829,776,750,718,854,797,771,804,766,823,776,798,657,741,790,798,824,736,888,782,829,754,779,640,811,669,897,727,997,802,865,822,840,840,923,835,663,684,747,568,827,747,804,942,821,832,919,779,854,696,872,800,773,864,839,775,803,735,643,603,546,632,646,552,698,881,749,826,787,702
他の飲料,2256,9188,2269,2270,2309,2218,2187,2176,2347,2407,2209,2199,2132,2131,2237,2048,2371,2425,2199,2120,1940,2011,2230,2067,2478,2016,2320,2351,2523,2826,2618,2488,2738,2591,2353,2342,2219,2311,1888,2189,2041,1894,2163,1945,2151,1755,1928,2060,1879,2008,2285,2231,1811,2079,1926,2302,2379,1958,2497,2151,2096,2421,1769,1873,1909,2039,2563,2548,2638,2032,2206,2150,1948
酒類,3168,6363,3177,3420,3075,3036,3119,3606,3805,3150,3220,2853,3145,3443,2704,3033,2542,3195,2794,3160,3068,3942,3441,3537,3875,3606,3416,3050,2705,3173,3103,3352,3155,3489,3547,3815,3291,3030,2477,2734,3148,2770,3455,3248,2375,2974,3634,3446,2830,3039,2420,3246,3275,3063,3778,3301,2981,2659,2747,3799,3219,3142,3071,3147,2933,3326,2713,2484,3578,2800,2781,3529,2764
外食,11804,8406,12257,13908,11865,10911,9383,8088,8313,13509,10836,12978,12051,10111,11439,9678,9403,14019,13903,12371,10639,9520,6749,9553,11400,9769,11629,9705,12235,12928,10870,14127,11616,18122,13458,9397,11348,13122,10659,10082,12905,13341,11759,15815,10586,10380,13322,13809,11419,11049,8987,9436,12570,10520,11641,8828,12599,12837,10375,11170,13059,10901,9880,9755,10150,10094,11553,9274,15229,13360,12404,12006,8704
一般外食,10911,8299,11379,13160,10922,9969,8412,7185,7482,12670,9538,11972,11333,9190,10296,8705,8022,13269,12928,11686,9689,8451,5916,8931,10371,8590,10268,8261,11015,11505,10059,13146,10821,17518,12876,8970,10153,11547,9358,8842,11685,11892,10947,15118,9578,9555,12625,13068,11026,10602,8273,8355,11588,9357,11055,7523,11184,11615,9143,10410,11770,9940,9201,8839,8858,9171,10262,7770,14382,12412,11014,11188,8172
学校給食,893,1328,878,748,942,942,971,903,831,839,1299,1006,718,921,1143,973,1381,750,976,684,950,1069,833,622,1028,1179,1360,1444,1220,1423,811,981,795,604,582,427,1195,1575,1300,1240,1220,1449,812,697,1007,825,697,741,393,447,714,1082,982,1163,586,1305,1415,1222,1231,760,1290,960,679,916,1292,923,1291,1504,847,948,1390,818,532
住居,18262,3613,18911,22038,19430,14769,14803,17734,12860,21255,17231,13968,16827,19385,14118,19258,22957,22031,14569,17080,22746,26159,13864,13991,14172,13404,17981,14892,18444,23551,18316,17449,16458,29883,21360,16101,11863,21983,12394,13467,17997,11589,18061,14886,9880,13358,13732,24337,11294,14642,15389,10665,22584,21836,23469,11989,16254,19524,19286,21744,28386,19457,14458,21358,22718,27770,15615,23557,22516,18985,19162,14131,15519
家賃地代,8937,1549,9575,13279,9407,5657,5534,8756,5916,10227,6004,6609,7920,9255,7105,11330,18372,11424,7131,8484,14293,12083,7405,7507,9622,6012,8395,8530,9098,9521,8697,7179,5117,19977,12642,5389,5864,11625,5598,11219,9673,5797,6730,9722,3255,3769,6806,17736,4444,4455,3713,5624,8109,13355,13785,5280,11099,8873,13625,14325,22673,8729,9199,14571,12870,12966,13392,18746,17414,6407,8929,4358,6724
設備修繕・維持,9325,2316,9336,8759,10023,9112,9269,8978,6944,11028,11227,7359,8908,10130,7013,7928,4585,10606,7437,8596,8453,14077,6459,6485,4550,7391,9586,6362,9346,14030,9619,10271,11340,9906,8719,10712,5999,10358,6797,2248,8324,5793,11330,5164,6625,9589,6926,6602,6849,10187,11675,5040,14475,8481,9684,6709,5156,10651,5661,7419,5712,10728,5259,6788,9848,14804,2222,4812,5102,12578,10233,9774,8796
設備材料,3003,1362,2999,2751,3156,3078,3027,3759,1622,3431,3073,2011,2849,3703,2523,3344,1422,2967,1718,3025,3129,5476,2586,1390,2205,1266,1685,578,4997,7057,2020,3638,4717,2448,2196,3077,1662,2788,2269,401,3242,955,5407,1963,1567,2594,3457,1423,2032,3988,6315,930,6333,2599,4983,2246,1382,4749,1666,1239,3660,5671,1273,891,4541,5389,619,1308,1748,3514,2256,2391,1770
工事その他のサービス,6322,1195,6337,6008,6867,6034,6242,5219,5322,7596,8154,5347,6058,6427,4490,4584,3163,7639,5720,5571,5324,8600,3873,5095,2345,6126,7901,5784,4349,6973,7598,6633,6623,7458,6522,7635,4337,7570,4527,1847,5081,4838,5924,3201,5058,6995,3469,5178,4818,6199,5360,4110,8142,5882,4701,4463,3774,5902,3995,6179,2052,5057,3986,5897,5307,9415,1604,3503,3355,9064,7977,7382,7026
光熱・水道,23240,9683,23067,22992,23079,23134,24165,26603,27656,23187,26584,23683,22225,22192,21735,20290,19431,23108,23127,22433,21093,26210,29311,28262,24065,27443,29765,25988,23360,23983,21183,24042,21492,23658,22272,27156,27780,23781,25387,24022,24229,23633,24692,23595,23825,21361,24698,21382,18202,23776,21069,23542,24318,22173,21798,22565,23017,21470,20662,21534,21327,23030,21984,20425,21484,17573,21373,20499,23256,23553,22994,23317,21176
電気代,10674,9279,10566,10447,10368,10947,11251,9553,10882,10805,12352,10867,10566,10717,11434,9690,9820,10829,10563,10438,9686,9783,9840,10614,10058,10291,11264,10894,11488,10645,10107,11005,10043,11223,10234,11394,12312,11381,13128,10941,9335,11288,11197,10745,11093,9800,10876,10183,8116,10611,11696,10968,12023,10506,10092,10909,11625,11103,10015,9749,8970,10428,8879,9597,10010,8409,9296,9917,10982,10128,10886,10488,9823
ガス代,5579,7554,5835,6351,5887,5195,4211,3478,4973,6143,4999,6321,5862,4908,4338,4699,4349,6381,6750,6243,5308,3501,4056,5626,5762,4826,5539,6399,6115,6122,4926,6305,5699,6830,6560,6977,4672,4387,4624,5122,5468,6326,7010,7202,5929,5086,7115,6855,6053,6434,4161,4910,4613,5218,5891,4647,6055,4367,5207,6497,6097,4834,6085,5031,5310,4125,6623,4897,6684,6432,6123,6299,5807
他の光熱,1833,2353,1555,1089,1605,2014,3313,8592,5838,1059,3221,1498,657,1506,1186,1203,717,766,1154,542,1071,8648,9810,6021,2837,6373,5323,3131,1654,1373,1451,684,641,272,460,2751,4367,2823,2770,2008,2630,1264,718,720,1663,837,671,215,417,982,1210,2206,1513,1292,892,2061,768,1320,1120,932,772,1500,641,1022,934,871,533,503,365,1146,1011,378,979
上下水道料,5154,5877,5110,5105,5219,4978,5391,4981,5962,5179,6011,4997,5140,5062,4776,4697,4545,5133,4659,5211,5029,4277,5605,6001,5409,5953,7639,5565,4104,5843,4699,6047,5108,5332,5019,6035,6429,5189,4864,5952,6796,4755,5767,4928,5141,5638,6036,4128,3616,5749,4002,5459,6169,5157,4924,4948,4570,4681,4320,4356,5489,6269,6379,4775,5230,4167,4921,5182,5226,5848,4975,6152,4567
家具・家事用品,10325,9844,10347,10215,10378,10454,10207,9040,9920,10602,10411,10157,10521,10101,10865,10276,7470,10757,9880,10427,10495,9283,8995,8664,9760,8693,10931,10043,10409,10553,9730,10585,11090,11189,9507,10328,9478,9850,9635,8872,11274,8217,9502,10033,12118,9054,11178,8796,8682,9088,11235,9931,9448,12277,9793,9703,11295,11927,10862,8479,10318,11772,9139,8842,11569,10449,8324,7335,11165,9321,10605,10473,9632
家庭用耐久財,3462,1211,3487,3375,3525,3565,3327,3179,2949,3561,4036,3340,3664,3056,3729,3476,1957,3693,3214,3713,3846,3598,2746,2654,2948,2523,4430,3335,3033,3637,3080,3448,3968,3617,2971,3556,3057,3714,3453,2390,3407,2536,2698,3317,4854,2929,3777,2958,2956,2682,3389,3064,3805,3830,3280,2729,3632,4210,3645,2474,3757,3801,2986,2634,4386,3527,2557,1968,3922,2591,3294,3764,3079
家事用耐久財,1689,660,1656,1608,1631,1741,1868,1817,1427,1592,1853,1649,1814,1630,2057,1918,1114,1615,1551,1800,2002,2153,1677,1002,1371,792,2278,1261,1688,1898,1831,1370,1448,1554,1221,2277,1478,1441,1747,1396,2097,1147,1558,1441,2494,1571,2148,1369,1631,1341,993,1209,1953,2228,1308,1286,1896,1929,1883,1343,1771,1928,1379,1347,2070,1898,1492,1079,2072,1562,2132,1603,1764
冷暖房用器具,1265,414,1283,1134,1301,1427,1166,1034,1089,1320,1688,1279,1367,1075,1104,1171,547,1427,1271,1403,1292,1149,804,840,1216,1415,1211,1169,714,1200,706,1267,1755,1125,1010,997,809,1646,1279,761,1032,909,966,1444,1904,1103,1166,1200,1030,791,1747,1666,1206,500,1577,1196,739,1612,1023,688,817,1382,1358,887,1661,1274,895,640,1237,620,886,1681,764
一般家具,508,236,548,632,593,398,293,328,433,649,496,411,482,351,567,386,297,651,391,510,553,297,265,811,361,316,941,905,632,539,543,811,766,938,740,283,770,627,426,233,277,480,174,432,456,255,463,389,295,550,649,188,645,1102,395,247,997,669,740,443,1169,491,249,400,655,355,170,248,613,409,276,480,552
室内装備・装飾品,779,1539,778,807,824,688,787,570,842,770,832,766,832,811,827,787,304,787,705,849,745,542,517,737,828,437,575,940,1017,754,1007,928,878,871,725,941,723,683,704,881,1583,451,1090,1095,549,617,701,549,648,831,757,768,552,1342,841,707,573,1287,789,589,570,970,796,706,937,715,494,402,560,757,883,1140,985
寝具類,729,1101,752,801,805,628,606,550,692,753,544,738,818,609,977,694,366,749,806,785,762,342,444,638,747,422,753,519,689,789,573,755,840,1075,699,587,768,663,809,591,981,745,584,809,769,493,1054,791,704,529,602,1287,627,688,548,611,1910,1221,759,714,718,1084,613,790,1016,827,497,347,792,670,750,653,703
家事雑貨,2015,7484,2050,2097,2051,1995,1829,1633,1707,2209,1752,2022,2054,1985,1827,1841,1662,2233,1957,2065,1928,1723,1698,1727,2052,1767,1871,1810,2100,2307,2174,2410,2189,2290,2146,1746,1936,2012,1849,1908,2022,1701,2198,1922,2067,2254,1969,1801,1870,2131,1873,1691,1717,2234,2105,1840,1958,1911,1990,1530,2211,1906,1700,1740,2170,2016,1826,1551,2488,2102,2146,2047,1832
家事用消耗品,2456,9632,2459,2474,2448,2454,2443,2379,2416,2506,2464,2529,2382,2392,2484,2375,2720,2530,2499,2376,2446,2425,2442,2280,2574,2442,2635,2233,2463,2470,2382,2628,2627,2544,2388,2513,2526,2334,2109,2467,2523,2229,2459,2463,2550,2336,2513,2201,2196,2568,2428,2432,2198,2629,2270,2391,2413,2228,2414,2148,2546,2658,2281,2365,2471,2632,2293,2644,2738,2644,2609,2372,2530
家事サービス,884,2636,822,661,725,1123,1215,730,1314,803,783,762,771,1248,1021,1103,461,765,699,639,768,653,1149,628,610,1102,667,1206,1107,596,515,416,588,792,577,985,468,445,711,635,760,556,472,427,1329,425,1165,496,309,346,2185,690,550,1554,748,1425,809,1069,1265,1024,516,1352,763,607,589,732,655,423,665,557,924,497,504
被服及び履物,11756,8294,12065,13397,11666,11086,10105,9334,8971,12722,12197,12063,12001,11274,12734,10899,6124,13136,12336,12214,11688,10375,8959,9829,12456,9347,11158,10707,13071,12641,11734,13893,11756,15704,12845,9575,11664,12958,10165,12855,10883,10539,13127,14263,12241,11182,11837,12900,11124,12986,10801,10532,11664,12049,11508,10107,15998,13345,10339,9222,12847,10550,11301,11809,12852,9188,12434,7398,19258,11525,12266,12958,11184
和服,177,81,175,170,124,246,185,120,148,145,1081,57,97,97,607,172,41,161,41,105,249,315,13,121,569,52,41,148,303,357,182,41,288,101,113,53,79,38,195,288,264,53,133,37,391,6,140,32,190,504,8,15,698,42,280,394,433,38,42,5,511,27,768,60,292,36,263,65,697,92,217,81,44
洋服,4583,4122,4723,5358,4442,4373,3830,3292,3138,4932,4329,4740,4900,4446,4918,4512,2108,5145,4983,4958,4699,3339,3388,3552,4878,3448,4256,4012,4546,4557,4501,5426,4324,6346,5215,3237,4335,4719,3620,4943,3668,4283,4926,5725,4946,4621,4369,5834,4019,4873,4413,3768,4221,4825,4689,3326,6637,4941,3684,3221,4869,3569,4400,4893,4937,3554,4834,2575,8478,4270,4748,5781,4851
男子用洋服,1446,1473,1503,1726,1400,1386,1139,1213,1042,1658,1496,1449,1397,1435,1636,1152,650,1757,1480,1407,1363,1215,1111,986,1449,794,1579,1447,1348,1061,1431,1858,1669,2013,1629,999,1149,1154,1148,2101,1493,1590,1908,1962,1232,1401,1155,1978,1053,1444,1414,1390,1326,1345,1440,1263,2741,1215,1272,1083,1854,1217,1353,1733,1403,966,1451,717,3123,1390,1443,1635,890
婦人用洋服,2680,2856,2754,3128,2573,2566,2286,1750,1741,2807,2315,2766,3029,2614,2826,2905,1056,2921,2898,3088,2919,1669,1943,2155,2989,2379,2239,2224,2683,2880,2502,2882,2324,3783,3219,1851,2813,2860,2062,2352,1785,2145,2793,3277,3344,2622,2723,3254,2604,3019,2669,1953,2555,2952,2772,1741,3338,3277,1950,1805,2406,2003,2702,2696,3080,2226,2927,1428,4489,2385,2712,3721,3536
子供用洋服,457,1007,466,503,469,421,405,328,354,466,517,526,474,397,455,455,402,467,605,463,416,455,334,411,441,275,439,341,514,616,568,685,331,551,367,386,373,705,410,490,390,548,224,485,371,598,491,602,361,410,331,425,340,528,477,321,559,449,463,332,609,349,345,464,454,362,456,430,867,495,593,424,425
シャツ・セーター類,2504,4044,2565,2793,2602,2262,2178,2072,1943,2714,2395,2853,2397,2463,2758,2201,1346,2742,2962,2471,2340,2476,1798,2070,2370,1815,2531,2560,3260,2884,2495,3095,2552,3144,2527,2472,2831,2815,2298,2775,2502,2422,3269,3402,2197,2252,2609,2394,2603,2765,2446,2325,2823,2474,2454,2253,3348,3265,2373,2411,2478,2520,2280,2683,2974,2055,2774,1702,3730,2461,2897,2369,2138
男子用シャツ・セーター類,770,1697,790,862,794,703,662,646,608,837,746,919,711,739,755,678,496,862,958,731,778,722,422,654,722,546,816,915,960,759,815,955,883,940,803,733,821,672,633,838,824,795,1075,1358,726,711,666,689,653,784,825,679,871,782,773,620,1064,903,788,685,852,769,737,688,932,603,677,583,1239,779,873,631,624
婦人用シャツ・セーター類,1560,2866,1599,1750,1625,1398,1349,1191,1174,1705,1428,1747,1539,1581,1765,1349,685,1720,1800,1595,1408,1391,1220,1274,1480,1163,1505,1506,2017,1838,1476,1919,1555,2033,1563,1539,1796,1858,1519,1687,1492,1449,2063,1908,1394,1278,1719,1509,1823,1811,1526,1446,1783,1519,1491,1437,1995,2159,1409,1496,1435,1557,1384,1821,1822,1269,1886,951,2331,1519,1743,1623,1421
子供用シャツ・セーター類,174,664,176,180,183,161,167,235,161,173,222,186,147,143,238,174,165,159,204,145,154,363,155,142,168,107,211,139,283,287,205,221,114,171,161,200,214,285,146,249,186,178,131,136,77,262,224,196,128,169,94,200,170,174,190,197,289,202,176,230,191,194,160,173,220,183,211,168,160,163,282,115,92
下着類,1066,3444,1083,1145,1054,1052,972,884,878,1156,987,1050,1104,1025,1116,990,635,1170,1029,1085,1055,888,875,822,1151,898,949,1134,1202,1267,1133,1213,1102,1300,1188,901,1007,1085,970,1138,1101,861,977,1288,1123,862,1025,1045,1013,1071,963,1031,819,1139,996,908,1228,1194,1107,1000,1100,1111,1016,962,1144,895,1076,674,1265,1107,1025,1123,1071
男子用下着類,370,1652,377,374,367,393,335,298,331,391,351,362,397,381,369,344,174,395,339,386,359,306,354,332,424,396,322,385,383,350,371,418,404,380,410,304,389,325,357,400,400,317,380,418,369,282,326,372,350,382,344,351,320,318,393,320,433,370,465,304,362,347,335,338,366,267,317,205,400,380,278,350,345
婦人用下着類,589,2032,598,661,577,553,544,486,470,654,523,575,612,528,626,540,358,663,578,613,598,478,423,398,628,419,521,643,666,765,659,620,624,805,657,503,523,617,521,622,586,428,539,749,688,452,604,565,600,579,539,553,418,675,511,457,665,720,526,608,628,659,617,488,658,540,633,364,740,595,614,711,641
子供用下着類,106,606,109,110,109,106,93,101,77,111,113,113,95,116,121,106,103,111,112,86,99,104,97,92,99,83,106,106,154,152,104,175,74,115,120,95,94,144,92,116,115,116,57,122,65,128,94,109,63,110,80,127,82,147,92,132,131,103,115,88,111,105,65,136,120,89,125,106,125,133,133,62,84
生地・糸類,131,1023,137,143,142,125,99,97,124,151,117,141,124,122,84,114,77,143,154,128,122,94,134,142,155,275,107,100,178,153,153,175,211,175,92,119,141,147,91,200,136,124,143,156,203,99,205,143,129,114,103,98,107,177,120,142,61,157,92,141,123,158,158,80,93,161,90,101,125,142,129,101,124
他の被服,979,4711,1004,1096,997,909,848,857,843,1055,895,995,998,982,1006,873,564,1084,1001,1017,961,907,751,1012,1111,740,997,925,1090,1116,953,1100,1008,1188,1167,777,912,1154,890,1139,967,755,1030,1176,926,988,1050,956,1040,1041,861,940,790,1035,921,943,1362,1052,935,772,1187,904,889,840,1048,765,989,605,1445,1020,1154,1004,993
履物類,1569,3452,1620,1781,1590,1480,1297,1422,1223,1716,1553,1538,1652,1429,1653,1367,1034,1783,1525,1686,1505,1658,1364,1464,1511,1140,1571,1180,1526,1825,1365,1959,1562,2114,1810,1286,1535,1964,1338,1705,1545,1382,1482,1645,1295,1820,1594,1790,1542,1738,1360,1356,1585,1680,1363,1400,2065,1643,1366,1314,1725,1361,1220,1640,1623,1218,1746,1159,2203,1785,1401,1713,1307
被服関連サービス,748,2190,757,912,714,639,698,589,673,853,841,690,729,710,593,669,320,908,641,765,757,698,638,644,711,979,705,648,966,482,951,884,709,1338,734,728,823,1037,764,667,700,659,1167,833,1160,533,845,706,588,880,647,999,622,677,686,741,864,1056,739,359,854,901,569,651,742,504,663,517,1315,647,695,787,657
保健医療,12763,9179,12985,13180,13221,12471,11579,11354,11026,13994,11068,12377,13282,11351,12559,11622,9821,14142,12177,13319,12016,11833,9992,12342,12428,12789,13537,9711,13121,14362,12750,11745,13611,15282,14137,11359,11543,13430,8314,10908,14045,12272,14180,10573,12976,11064,14004,10320,13408,12583,9550,11274,12241,12859,11534,12942,13681,14940,11065,11614,12036,11531,9914,10181,11603,12435,13205,9281,13756,15046,11801,13440,12807
医薬品,2326,6558,2323,2401,2228,2357,2338,2232,2384,2551,2073,2197,2208,2157,1952,2228,1821,2610,2102,2147,2189,2131,2536,2921,2356,2670,2545,1865,2379,2096,1812,2237,2454,2665,2997,1950,2071,2098,1447,2180,2409,1868,2662,2042,2505,1909,2397,1778,2236,2280,1820,1827,1837,1988,2437,2171,2050,2378,1536,2033,2075,2680,2059,1572,2168,2035,2145,1821,3045,2325,2064,1921,2504
健康保持用摂取品,1236,1959,1255,1205,1330,1215,1140,1141,1292,1287,1211,1229,1171,1354,1274,1125,1065,1324,1167,1199,1269,1288,1110,1245,1529,1393,896,785,1062,1810,1834,954,1192,1139,1323,1295,1008,2159,1056,622,897,872,1901,833,1390,895,1148,946,1252,1093,1330,1488,1148,1107,1175,1301,1191,1782,876,1049,1226,1093,1197,1162,1443,1005,1349,1326,1547,1392,1314,1183,1510
保健医療用品・器具,2150,5947,2196,2184,2332,2036,1906,2024,1715,2277,1937,2217,2296,2016,2206,1917,1730,2258,2300,2323,1818,2135,1513,1812,2713,2211,1889,1606,2085,1954,1926,2009,2105,2346,1954,1560,2818,2198,1448,1944,1963,1923,2530,2414,1918,1915,2313,1737,2256,1894,1458,2339,2480,2389,1688,2354,2146,2908,2392,1702,1966,1932,1906,2114,1606,2214,2323,1639,2731,2859,2213,1630,2052
保健医療サービス,7051,6712,7212,7390,7331,6863,6195,5957,5635,7880,5847,6734,7607,5824,7127,6353,5204,7951,6608,7651,6740,6278,4833,6365,5829,6515,8207,5456,7594,8501,7179,6544,7860,9132,7863,6554,5645,6975,4363,6162,8777,7609,7087,5285,7163,6345,8146,5858,7664,7316,4942,5620,6775,7375,6235,7116,8294,7873,6261,6830,6769,5826,4751,5334,6385,7181,7387,4495,6433,8470,6211,8706,6741
交通・通信,41433,9762,40489,38423,42727,39968,46481,38612,39496,40341,45211,47238,39385,45346,39368,42394,31614,39609,45209,39908,40005,38039,32405,44567,42416,36312,48140,45206,41527,43342,47226,41066,31777,34475,40827,44124,58812,53427,53946,35266,44185,46439,41400,45087,44711,42687,36100,31290,42990,40723,27751,37652,47456,41835,40765,52211,37951,44775,39936,44200,37558,40614,37303,38349,52386,40216,44276,33976,43384,39579,44458,34542,43444
交通,5584,4895,5968,7383,5742,4676,3533,4345,3037,7036,3101,5079,6687,4625,3625,3841,3181,7771,5221,7192,5125,6026,3361,4657,6049,4163,3501,5317,5259,3897,4277,8532,7442,9732,8576,3068,2972,4412,2790,2433,5010,3687,5513,5892,4786,6669,7786,5478,8149,7529,3082,2923,2825,5595,5310,4362,3234,4539,3843,3071,6023,3815,6341,2518,3839,4033,5470,3569,9491,7251,4820,6706,4785
自動車等関係費,23729,7460,22530,19229,24854,23277,30140,22140,24051,21398,27886,29556,21326,28496,22095,26484,17027,20053,27920,21331,23251,19044,16613,27734,23928,20295,30878,26817,23412,26632,32489,20172,14018,13098,20353,29133,41423,34799,38059,19499,27431,30719,23280,28378,27879,25414,16834,13404,25897,21084,14732,23365,32099,23414,23833,34751,21411,27277,22439,26067,19513,23799,19782,23294,34728,24598,23316,17702,20060,20753,27286,15686,27546
自動車等購入,7045,52,6267,5740,7467,5339,11204,5102,6724,6397,7541,8701,6318,9950,4660,8935,3123,6133,7733,6773,6857,2816,1712,11181,8056,3017,7888,7945,4673,4921,11481,4159,2320,3320,7851,10564,18926,12858,19224,3925,8247,11063,6754,9599,8843,9548,5038,2855,14056,3239,3542,5910,10705,6100,8718,9543,2852,7835,4796,7531,3939,5382,3836,8258,14753,6919,5034,3988,6325,4301,6709,1478,9857
自転車購入,259,98,273,301,289,220,187,155,173,267,267,317,306,287,193,207,106,271,371,316,330,142,291,152,123,114,430,157,85,749,218,427,239,314,294,176,153,177,448,111,267,186,203,252,150,269,504,316,138,302,128,25,183,392,334,199,267,412,402,242,684,154,12,254,148,34,94,71,259,657,172,309,103
自動車等維持,16425,7445,15990,13188,17098,17718,18749,16883,17154,14734,20079,20538,14703,18259,17241,17342,13798,13649,19816,14242,16065,16087,14610,16400,15748,17163,22560,18715,18654,20962,20790,15587,11459,9464,12208,18392,22344,21764,18388,15463,18917,19470,16323,18527,18886,15598,11292,10234,11702,17543,11062,17431,21211,16922,14781,25010,18292,19030,17241,18294,14890,18262,15934,14782,19827,17644,18188,13643,13476,15795,20405,13899,17586
通信,12120,9138,11991,11811,12131,12015,12808,12126,12408,11907,14223,12604,11372,12225,13648,12069,11406,11786,12068,11385,11628,12969,12431,12177,12439,11854,13761,13072,12856,12812,10461,12362,10316,11645,11899,11923,14416,14216,13097,13334,11744,12032,12608,10817,12045,10604,11480,12408,8944,12110,9937,11363,12533,12826,11621,13099,13307,12958,13655,15063,12022,13000,11180,12538,13820,11585,15490,12705,13833,11574,12352,12149,11114
教育,11539,2365,12138,13825,11654,10869,8344,6392,6544,14540,10291,12532,11495,8691,10434,8211,8625,16271,13334,12217,8837,8205,12268,7771,10057,9688,13574,6737,10377,11831,8472,13896,8895,17359,16228,11156,10195,11768,10735,10372,7078,12436,9849,13858,7861,14059,13557,11594,11292,18724,10596,6372,8828,9919,8685,9851,12394,10005,13499,9436,11739,11312,8356,10243,7867,7736,18040,9714,23472,16463,12095,14014,8358
授業料等,8506,2082,8971,10175,8706,7965,6023,4746,4317,11144,8088,9044,8187,6264,5418,6129,6296,12572,9003,8735,7020,5799,10034,6009,6650,7811,10703,4327,6925,8420,6136,12331,5398,13187,11894,9973,6990,9514,8238,6495,5175,7698,7118,7898,4142,8636,9241,7746,8539,14181,5787,5041,5909,6108,6572,7506,9021,5932,9832,6880,8777,6548,5342,8085,5612,6204,12838,7004,19136,10644,9491,10036,7276
教科書・学習参考教材,217,336,229,224,244,214,158,197,212,225,235,249,208,234,149,193,154,231,272,229,163,261,255,287,462,180,401,204,201,334,195,170,147,205,208,146,400,281,181,306,207,270,422,263,163,149,127,227,260,308,279,116,493,423,106,307,243,357,177,228,144,332,245,132,135,182,401,142,365,264,304,171,142
補習教育,2815,806,2938,3426,2704,2690,2163,1449,2015,3171,1968,3239,3100,2193,4867,1889,2175,3468,4058,3253,1654,2146,1979,1475,2946,1698,2470,2206,3250,3077,2141,1394,3350,3968,4127,1036,2806,1973,2316,3571,1697,4468,2309,5696,3556,5273,4189,3621,2493,4235,4530,1215,2426,3388,2006,2037,3131,3716,3490,2328,2818,4432,2769,2027,2119,1350,4802,2567,3971,5556,2300,3806,939
教養娯楽,28959,9864,29868,32904,29327,27167,24105,23653,22664,32909,25289,30628,30789,25447,24614,22501,17957,33901,31637,31784,24210,26697,19961,25646,27816,25269,29488,23297,30593,29184,28684,39085,29966,38541,37088,23564,27604,32628,24249,25739,28413,27083,33132,31757,32463,31306,34170,27179,30022,31186,25105,23810,27193,27123,30758,26733,30036,28889,25874,22005,29434,25289,22908,24011,30569,22422,26989,20199,35498,34133,28928,34255,22059
教養娯楽用耐久財,1810,827,1871,2024,1940,1613,1482,1582,1368,2046,1586,1738,2018,1738,1904,1286,1068,2143,1817,2043,1254,1652,1026,1999,1615,1504,1897,1343,1978,1590,2312,2470,2769,2512,1857,1848,1610,2387,1864,1443,2464,1860,1307,1302,1806,2036,2221,2099,2121,1951,2174,1155,2056,2408,2122,1420,1610,1635,2553,1803,1549,1833,1986,1651,1370,1285,1681,1613,1982,2006,2057,1266,1074
教養娯楽用品,6165,8791,6216,6233,6395,5972,5890,5671,5265,6846,5752,6422,6257,5647,5596,4994,3832,6761,6599,6322,4870,6191,4688,6117,6879,4505,6297,5629,6945,7150,5967,6290,6772,6434,6837,5454,5882,6313,5195,5634,6428,5852,6163,7205,7262,7037,6695,4834,5392,6414,5571,6061,5385,5927,5990,6307,4914,6245,5536,4367,5795,5070,4517,4999,5678,5520,6282,3607,6424,6993,7110,5876,4489
書籍・他の印刷物,3831,8255,3899,4083,3852,3754,3469,4070,3480,4055,3669,3956,4008,3534,3494,3204,2618,4118,4059,4078,3294,4156,3551,3662,4322,3514,3800,3694,4001,3541,3478,4235,4348,4472,4202,3794,3611,4285,3319,3462,4131,3571,4082,4316,4314,3788,4289,3462,3860,3872,3684,3198,3601,3353,3619,3861,4112,3920,3332,4019,3333,3775,3061,3065,3551,2943,3425,3182,4502,3970,3858,3997,3319
教養娯楽サービス,17153,8118,17881,20564,17139,15828,13265,12330,12551,19962,14283,18511,18506,14528,13620,13017,10439,20879,19163,19342,14793,14697,10696,13868,14998,15746,17494,12631,17668,16903,16926,26090,16077,25124,24192,12468,16502,19643,13871,15200,15391,15800,21580,18935,19081,18445,20966,16783,18649,18949,13676,13396,16150,15434,19027,15145,19400,17088,14453,11817,18757,14611,13345,14297,19969,12674,15601,11797,22589,21164,15903,23116,13178
宿泊料,1569,568,1633,1869,1658,1339,1226,1339,1376,1944,1138,1451,1559,1389,1217,1086,745,1917,1431,1667,1179,1412,511,1400,2062,1494,1934,1975,1717,1688,1604,3249,1888,2513,1488,1534,1593,1868,954,1362,2274,960,3211,1536,2091,1965,2399,1133,1512,2406,918,1140,1444,1248,1416,1490,1317,1776,1416,634,1257,661,1563,943,1411,1348,1495,736,2291,1411,1583,1579,1058
パック旅行費,4273,956,4486,5672,3831,3989,3140,3047,3230,5208,2820,4587,4934,3362,2062,2760,1958,5634,5197,5258,3262,3637,2619,3371,2476,3730,5680,2326,3648,3954,3389,6660,2814,7818,8059,2541,3894,3919,2359,1882,2799,3860,4735,2965,4197,4462,5412,5434,5718,4045,4237,2981,2888,2649,5476,3966,4654,4117,2430,1258,4072,4210,2830,2927,6187,1982,3249,2357,6969,5216,1994,7530,2872
月謝類,3104,2621,3223,3693,3117,2831,2472,1851,1972,3478,2617,3810,3181,2924,2750,2627,2353,3607,3592,3254,3269,2646,2632,2182,2756,2576,2811,2356,3818,3244,3302,3923,2887,4315,4103,1886,3332,3935,2724,3920,2860,3264,4245,4038,3517,3745,4033,2587,2465,2963,1886,2415,2928,3585,3517,2136,3516,2677,2435,1503,4521,2712,1957,3237,3056,1751,2950,2727,4347,3871,4529,3485,2687
他の教養娯楽サービス,8207,7687,8540,9330,8532,7669,6426,6093,5973,9332,7708,8663,8833,6853,7591,6544,5383,9720,8943,9163,7083,7002,4934,6915,7705,7945,7070,5974,8485,8017,8631,12257,8487,10478,10542,6507,7683,9922,7833,8035,7457,7715,9390,10395,9276,8273,9123,7630,8954,9535,6635,6860,8890,7951,8618,7553,9912,8519,8172,8423,8908,7027,6995,7190,9314,7593,7907,5978,8983,10666,7797,10522,6561
その他の消費支出,63573,9880,63628,62725,65833,61851,63279,57655,65103,61585,68961,67178,63563,63615,81236,62944,41214,61217,63077,63772,61598,58414,48308,60240,65863,65192,70122,63885,64682,71578,62551,62735,62444,65772,58237,54455,82284,73110,66535,62894,67199,55884,69965,67801,67130,50570,70455,52810,51215,72826,62619,66472,67410,66213,66094,65649,79860,89080,61615,71508,57298,72619,80038,64824,76613,56325,76820,50418,63738,56786,72658,74176,66357
諸雑費,23646,9717,24008,25182,24376,22233,21713,21533,22767,23914,24470,24111,24336,24410,25620,22091,14999,24406,22879,25123,22933,23321,19059,22578,23894,23360,23857,19191,25084,25580,20126,25321,25612,28110,23402,22667,25453,23855,21321,22025,22571,22787,24473,26502,27007,20693,28319,21749,20609,28971,21708,23602,28269,21800,27378,24794,27825,28661,21994,20976,23423,24908,27002,21230,28081,22144,25586,16092,25525,19952,27368,32214,22551
理美容サービス,2966,4449,3041,3232,2982,2901,2564,2633,2478,3039,3356,3175,3197,2878,2817,2689,1140,3099,3329,3267,2753,2683,2231,3181,2812,2724,2966,2511,3450,2773,2858,3164,2771,3815,2787,3022,3496,3393,2997,2739,3559,3280,3440,3928,3424,2660,3600,2790,3113,3221,2615,2249,3393,3142,3525,2840,3151,3207,2609,2386,2766,2908,2631,2336,3306,2369,2664,1316,3216,2825,2926,3305,2717
理美容用品,4270,8654,4335,4578,4362,4029,3925,3807,3350,4326,4213,4384,4562,4408,4755,4172,3388,4425,4433,4513,4457,3972,3358,3617,4799,3945,3997,3681,4843,4339,5069,4300,3799,4839,4493,3776,4251,4525,3464,4343,4230,3647,4828,4690,4381,3599,4238,4971,3600,5037,3643,3742,4230,4535,5345,4138,6237,5102,3852,4391,5194,4560,4145,3923,5055,4167,4632,3555,4881,4575,3813,4821,4755
身の回り用品,1869,3118,1976,2475,1749,1708,1298,1453,959,2195,1396,1729,2225,1489,1945,1580,828,2400,1906,2417,1786,1654,845,1256,1363,1062,1488,1020,1953,3071,1500,2286,2130,3784,2082,1250,1572,1767,1039,1266,1196,1544,1830,1920,1108,1825,2718,2174,2757,1459,1712,1417,1433,1520,1724,1509,2717,1707,1627,1706,1764,1674,1471,1342,2052,1339,1711,1067,2737,2061,1922,2475,2270
たばこ,1046,1326,1012,1082,1026,915,1232,1773,1564,1041,1194,953,745,1122,1102,883,1014,1087,1033,758,797,2171,983,1109,723,762,1266,1359,773,1383,1134,1267,1274,1297,633,1294,784,750,981,1155,999,691,773,1332,830,402,973,800,569,1039,688,625,962,1465,787,1200,1344,617,822,1158,1076,982,831,824,1191,979,436,806,1033,794,774,964,862
他の諸雑費,13495,7357,13645,13814,14258,12680,12694,11866,14416,13311,14311,13869,13606,14513,15001,12768,8629,13395,12178,14168,13141,12841,11642,13415,14197,14867,14139,10620,14064,14015,9565,14303,15638,14375,13407,13324,15349,13420,12840,12523,12587,13626,13603,14633,17263,12208,16791,11014,10569,18215,13050,15569,18251,11138,15997,15107,14377,18029,13086,11335,12623,14784,17925,12804,16478,13289,16143,9349,13657,9697,17934,20648,11946
こづかい(使途不明),11095,3076,11475,10553,12651,11020,9062,10733,8568,10937,13635,13237,12011,8384,14597,9541,6722,11499,12281,12567,9139,10567,9170,7940,10283,12632,8907,12962,9161,10721,10568,12582,10680,10131,11058,7052,25022,13570,19143,10549,9255,9517,11013,11381,10380,8255,12781,8338,9253,15452,12230,7028,7386,9875,8119,12117,10675,20409,9665,22534,9003,13653,12693,12305,12003,7182,16037,9112,12940,13412,11245,14585,9461
交際費,22942,8092,22701,22801,22855,22394,24235,20484,25220,22987,22803,22646,22028,22882,26976,23644,16961,22830,22162,21541,22552,19947,14303,22223,28939,22544,27784,23192,22053,26148,21460,23011,23910,24097,22177,19497,20405,25607,17231,23772,22408,18294,25597,22917,24333,19122,23282,19447,19966,26571,21567,21999,23092,23660,23661,23175,24520,31957,20479,20015,19938,24243,35366,27504,26123,21144,26979,19669,22407,20906,22179,23700,25561
食料,6051,5471,6009,5934,6032,6064,6276,6032,6370,6275,5918,6090,5762,5595,6149,5939,4316,6260,5860,5641,5261,5453,4849,5791,6986,5886,7731,6681,7797,7980,6225,6317,6194,6489,6175,6321,5768,7137,5303,7255,7244,5135,6882,5495,6247,6028,6218,4270,5961,5920,6200,5332,6052,4907,5709,6272,5208,7167,5413,5167,4721,7108,6059,6528,7229,5917,7157,5054,6026,5355,6176,6260,5134
家具・家事用品,274,543,276,267,299,256,266,206,293,252,373,319,215,312,335,341,249,236,284,219,243,166,111,246,285,495,380,243,285,347,311,317,189,264,213,408,263,437,118,352,317,379,192,333,278,384,307,171,243,282,473,295,700,417,425,302,200,501,279,249,359,484,310,482,571,476,401,220,252,215,275,211,268
被服及び履物,707,1079,694,697,704,678,774,547,653,665,469,673,809,818,1053,797,347,669,719,819,866,591,326,694,718,672,553,842,777,876,597,1055,611,633,576,573,613,702,664,634,690,416,656,885,556,607,801,579,488,1139,794,685,332,712,762,1258,492,756,620,740,591,859,671,731,1578,680,844,400,958,605,616,1070,1219
教養娯楽,1402,1459,1438,1584,1388,1338,1209,1475,1521,1497,1386,1335,1412,1193,1187,1255,902,1524,1233,1453,1330,1959,754,1270,3002,954,1599,1306,1099,1988,1749,1370,1805,1800,1426,1238,826,951,1145,1258,1777,1741,1933,1324,1190,722,1802,1628,1451,935,863,925,1030,1806,1008,1434,883,1551,743,1120,996,1351,935,999,1515,1124,1234,1123,1025,1463,1089,2066,1255
他の物品サービス,599,932,593,654,581,540,632,550,469,583,434,622,628,563,1086,662,290,608,699,635,528,570,367,705,636,384,761,840,579,737,623,1420,601,657,432,384,536,958,313,601,405,435,588,891,872,448,750,325,384,508,874,405,457,566,830,688,284,944,733,773,601,816,530,767,714,679,692,374,1038,532,616,1115,599
贈与金,10908,4040,10575,9621,10895,11234,12690,8750,13333,10407,11070,10806,10158,11847,14754,11794,8780,10030,10353,9587,10921,6492,6215,10251,11186,12163,12914,10208,9047,10247,10444,7465,11623,10128,8808,7681,9939,12347,6945,11377,9023,8551,12552,10870,13231,7824,10153,6668,7145,13526,10612,11788,11600,12976,12879,9990,14125,16589,10897,9807,8378,10730,23280,15669,11309,9348,11834,8944,7983,9538,10316,10403,13397
他の交際費,3001,3729,3116,4043,2956,2283,2389,2924,2582,3309,3153,2800,3044,2553,2412,2855,2077,3504,3015,3186,3405,4717,1682,3266,6126,1990,3844,3072,2469,3972,1512,5067,2887,4125,4547,2892,2460,3074,2743,2294,2952,1638,2794,3119,1959,3109,3251,5806,4295,4260,1751,2568,2920,2277,2047,3232,3329,4448,1795,2159,4293,2894,3581,2328,3207,2920,4817,3553,5126,3199,3092,2576,3689
仕送り金,5890,628,5444,4189,5951,6205,8269,4905,8547,3747,8052,7184,5188,7939,14043,7668,2532,2481,5755,4540,6974,4579,5775,7499,2746,6655,9575,8540,8384,9129,10397,1821,2242,3434,1601,5239,11404,10078,8841,6547,12965,5285,8881,7001,5411,2500,6073,3276,1387,1833,7114,13843,8663,10878,6936,5563,16839,8053,9477,7984,4934,9815,4977,3785,10406,5856,8217,5545,2866,2517,11866,3676,8784
(再掲) 教育関係費  ,18281,5714,18376,18645,18265,18217,17778,12601,15375,19422,19702,20311,17448,16868,24320,16754,12562,19809,19305,17417,16810,14199,18387,15366,14329,18021,24739,16928,19709,22184,19278,17100,11423,21409,19005,15940,22059,22481,21009,18508,20877,19459,19831,19731,13619,17838,20396,14996,13765,22355,18404,20206,17994,21646,15265,16048,30589,18736,23162,17756,17940,22007,13314,15339,18838,13492,28500,15785,27588,18924,25228,17773,16839
(再掲) 教養娯楽関係費  ,33158,9862,34298,38226,33496,30932,27069,27872,26023,37813,28466,34217,35433,29120,28115,25768,20976,39243,35336,36739,27759,31631,21911,29342,34523,28756,34101,28171,35030,33816,33403,44037,35492,45930,42208,26669,29057,36673,27334,28598,34031,30683,38711,35787,35502,35415,40565,31659,35172,36032,28102,26092,29966,32209,34523,31252,32148,33129,28910,24931,32386,28991,27110,26294,34833,27048,31729,23188,40994,38791,32206,39142,24917
(再掲) 移転支出(贈与金＋仕送り金),16799,4361,16019,13810,16846,17440,20959,13655,21880,14154,19122,17990,15347,19787,28797,19462,11312,12511,16108,14128,17895,11071,11990,17749,13932,18818,22490,18748,17431,19376,20841,9286,13866,13562,10409,12919,21343,22425,15786,17924,21988,13836,21433,17871,18642,10324,16226,9944,8532,15359,17727,25631,20263,23854,19815,15552,30964,24641,20374,17791,13311,20545,28257,19454,21715,15204,20051,14489,10849,12055,22181,14079,22181
(再掲) 経常消費支出,224101,10000,226576,234345,227036,217338,210889,209657,212438,231578,229611,230933,225305,216153,222469,209075,183032,235054,228272,228174,215938,222682,200879,214879,229997,218602,240951,215718,226103,232429,215122,239403,220485,252897,235659,213312,250179,248953,218989,221654,220853,210846,236963,236168,225989,204111,240993,219842,202223,243468,201813,209686,221038,224002,223932,223386,235647,246028,215710,229916,226774,227361,222139,217546,233242,202908,237882,195337,253512,225814,231476,236275,213801
(再掲) 情報通信関係費,15277,9082,15259,15050,15587,15078,15372,14360,14526,15416,17715,15913,14782,14870,16784,14766,13551,15479,15277,14929,14491,15891,14963,14831,14844,15983,15708,14999,15311,15351,13100,16956,13246,14685,15199,14615,18265,17556,17449,17590,14639,15256,15963,14009,16414,14237,14777,15799,12420,15854,13442,15132,16186,14837,15055,17068,17132,16754,16535,18595,15261,15730,13980,15561,18662,14958,17778,15243,17015,16644,15528,16374,14171
(再掲) 消費支出(除く住居等) 1),248348,10000,251995,262312,252079,240393,228879,224293,226560,261805,251536,258282,253246,233014,243837,222052,183580,267828,256440,258000,229679,239145,218879,233493,253268,237625,266523,232611,249670,260850,235092,277843,247529,286565,269916,238007,271566,267168,239688,236474,243411,235551,260600,264204,252238,238057,274388,235677,233166,274639,221807,223910,243078,238000,241689,247605,258480,267050,232033,238953,242260,249200,233127,221400,252637,213913,260067,197619,296702,259754,257654,275406,228279
         現物総額          ,7097,5251,6872,6071,7316,7204,8302,5399,8587,6935,8110,8781,5993,6731,8520,6961,4073,6677,9070,5623,5653,5421,6717,5376,6759,7234,11448,7393,10590,9091,7413,5827,5368,6895,4573,7779,5226,9728,6468,7567,8557,5754,7154,8078,8880,4268,5505,4118,4722,6909,6384,7128,7628,5666,6856,8642,7504,9504,8587,6528,5653,6483,4883,9618,6831,4768,9461,4255,6559,5533,7721,4114,5154
食料              ,5448,5055,5173,4403,5286,5887,6921,4012,6848,5152,6078,7259,4467,4831,7080,5514,3482,4852,7405,4056,4401,3404,5198,4231,4878,5831,9241,5958,6203,6779,5047,4486,4119,4623,3612,5869,4196,6197,4962,5986,6319,4447,5916,6531,7594,3456,4171,2793,3838,5321,5055,5786,6230,4129,4929,6227,6005,7513,6377,5614,4158,5592,3984,7420,5132,3749,6796,3284,4100,3990,5851,3030,4093
自家産物,382,1009,313,155,284,526,750,214,755,321,424,423,305,468,458,440,80,194,410,254,292,144,684,209,244,238,625,494,272,213,365,88,446,37,179,391,166,171,748,362,604,506,336,112,387,260,154,35,226,426,258,373,818,414,298,499,142,588,380,382,165,186,106,253,414,282,206,86,43,294,501,81,203
住居              ,360,61,403,478,541,146,129,340,460,524,351,130,129,720,170,241,97,530,94,147,104,937,682,235,958,74,829,63,721,446,255,145,353,1059,44,254,310,2040,365,201,703,102,329,0,321,0,0,1,9,0,393,389,194,948,1114,1015,512,429,602,46,239,65,0,492,618,296,1174,419,585,0,391,72,169
光熱・水道        ,16,17,13,11,16,10,31,36,44,8,13,11,26,22,3,4,12,7,13,29,9,3,2,0,0,7,2,0,10,9,1,0,0,0,0,0,0,101,53,49,35,172,0,0,0,1,0,119,0,14,0,9,12,0,3,6,42,1,0,0,7,2,0,0,0,0,0,0,0,48,56,0,0
家具・家事用品    ,189,715,181,166,191,185,230,144,251,161,298,195,199,141,246,221,74,159,205,207,128,139,148,211,152,191,198,166,237,341,148,235,69,157,149,727,174,206,270,171,176,154,180,183,234,181,164,109,177,209,229,179,207,101,81,110,145,320,264,230,128,122,208,291,146,128,195,115,93,157,196,199,155
被服及び履物      ,215,326,217,222,232,192,203,126,177,219,227,223,192,230,239,281,102,213,258,184,246,143,183,147,127,285,238,249,345,427,1297,175,140,282,175,264,188,342,145,295,286,226,141,294,214,221,137,311,122,145,148,134,149,172,178,195,222,201,373,232,307,121,285,581,148,229,361,85,135,105,218,147,199
保健医療          ,36,140,36,30,45,32,31,32,83,32,36,29,30,25,49,34,44,28,27,30,28,22,14,21,26,74,31,28,35,103,52,20,7,31,24,33,53,25,30,86,5,44,35,38,76,73,19,28,10,47,33,33,27,11,56,35,52,55,43,43,18,22,39,75,57,15,39,42,48,89,43,22,35
交通・通信        ,176,115,198,186,263,127,63,190,115,238,147,110,231,89,96,80,37,269,121,244,104,83,46,71,7,337,62,160,2358,185,37,410,322,202,83,131,15,159,88,36,106,64,90,151,39,75,141,304,191,383,175,46,103,80,109,223,153,106,241,35,192,277,29,91,86,19,39,106,573,236,105,195,43
教育              ,0,1,0,1,0,0,0,0,0,0,0,1,0,0,0,1,0,1,1,0,0,0,0,0,0,0,0,0,0,0,0,0,10,0,0,0,0,0,0,0,0,0,4,3,0,0,0,0,0,0,0,0,0,0,0,0,0,0,0,0,0,0,0,0,0,0,0,0,0,0,0,0,0
教養娯楽          ,466,691,472,409,572,414,438,352,360,425,745,586,551,504,372,383,170,453,680,569,515,438,244,255,436,263,512,443,439,459,359,300,221,348,377,375,124,472,398,382,728,277,287,738,244,171,609,304,273,513,180,436,515,143,334,584,272,584,523,160,468,185,254,386,517,267,556,151,835,716,423,323,357
その他の消費支出  ,191,443,179,164,169,209,256,168,250,175,213,237,168,170,264,201,54,164,266,159,118,252,201,204,176,172,335,326,242,342,216,56,127,191,109,125,165,185,157,362,198,268,174,142,159,90,264,150,103,276,172,117,191,82,51,247,101,294,165,168,136,96,84,282,127,65,301,54,191,193,436,126,103
エンゲル係数(％)     ,23.6,...,23.8,24.4,23.2,23.8,22.8,23.2,23.8,23.9,23.1,23.1,24.6,22.9,21.9,22.7,25.2,24.1,23.6,24.6,23.3,22.9,25.3,23.6,24.3,23.7,22.3,23.2,22.3,21.9,22.8,24,25.9,24.4,24.9,25.1,22.4,22,22.9,24.8,22.7,23.5,23.8,24.4,22.9,24.6,25.7,26.5,25.8,23.2,24.9,24.8,22.1,21.9,23.6,22.1,22.1,20.4,22.9,23.2,23.3,23.2,23,22.3,20.6,22.6,21.2,23.9,23.9,23.6,23.1,24.2,23.7
年間収入(万円)   ,...,...,...,...,...,...,...,...,...,...,...,...,...,...,...,...,...,...,...,...,...,...,...,...,...,...,...,...,...,...,...,...,...,...,...,...,...,...,...,...,...,...,...,...,...,...,...,...,...,...,...,...,...,...,...,...,...,...,...,...,...,...,...,...,...,...,...,...,...,...,...,...,...
調整集計世帯数        ,700235,...,589796,194711,220455,174631,110438,30995,48000,253596,28084,82055,115918,41240,21372,71588,7386,206388,53069,101361,25861,10586,1611,1539,5321,1763,1328,1524,1504,2816,1921,6977,5540,46978,21005,4327,2256,2397,1376,1093,2172,2259,3953,12016,1579,1889,7802,13808,8613,2105,2110,1030,1100,3779,6388,1082,1375,2267,2791,1803,7448,1248,2474,3962,2635,2254,3382,1723,7709,4037,4311,4788,5361
