一連番号,時間軸コード,階層コード,分類コード,用途分類,単位,全国,世帯数,大都市,中都市,小都市Ａ,小都市Ｂ・町村,北海道地方,東北地方,関東地方,北陸地方,東海地方,近畿地方,中国地方,四国地方,九州地方,沖縄地方,01100 札幌市,02201 青森市,03201 盛岡市,04100 仙台市,05201 秋田市,06201 山形市,07201 福島市,08201 水戸市,09201 宇都宮市,10201 前橋市,11100 さいたま市,12100 千葉市,13100 東京都区部,14100 横浜市,15100 新潟市,16201 富山市,17201 金沢市,18201 福井市,19201 甲府市,20201 長野市,21201 岐阜市,22100 静岡市,23100 名古屋市,24201 津市,25201 大津市,26100 京都市,27100 大阪市,28100 神戸市,29201 奈良市,30201 和歌山市,31201 鳥取市,32201 松江市,33100 岡山市,34100 広島市,35203 山口市,36201 徳島市,37201 高松市,38201 松山市,39201 高知市,40130 福岡市,41201 佐賀市,42201 長崎市,43100 熊本市,44201 大分市,45201 宮崎市,46201 鹿児島市,47201 那覇市,14130 川崎市,14150 相模原市,22130 浜松市,27140 堺市,40100 北九州市
1,2021000000,1,00000,世帯数分布(抽出率調整),"10,000分比",10000,...,2840,3144,2465,1551,416,667,3696,396,1199,1646,575,298,999,107,150,22,22,79,23,20,22,22,42,27,104,81,695,306,61,32,35,19,16,31,32,58,176,23,28,111,199,121,30,30,14,16,54,93,15,19,34,40,26,110,18,34,58,38,32,47,25,116,59,64,69,77
2,2021000000,1,00000,集計世帯数,世帯,7424,...,2182,3839,962,442,272,758,1897,512,696,982,638,458,992,219,92,93,93,89,95,94,84,84,91,94,89,92,326,123,92,93,95,94,92,86,91,95,102,84,89,87,124,80,92,90,92,94,91,90,93,90,95,91,94,90,95,90,90,89,90,93,141,90,74,91,90,87
3,2021000000,1,00000,世帯人員,人,2.93,...,2.92,2.92,2.95,2.96,2.75,3.05,2.9,3.1,3,2.92,2.92,2.85,2.94,3.11,2.8,2.82,3.12,2.92,2.71,3.24,3.01,2.72,2.83,2.88,3.08,2.83,2.87,2.89,3.18,3,3.34,2.92,2.91,2.96,2.98,3.06,2.85,2.94,2.9,2.95,2.94,2.9,2.69,2.81,3.01,3.01,3.12,3.04,2.97,2.91,2.8,2.92,2.88,2.99,2.86,2.74,3,2.77,2.9,2.83,2.91,2.96,2.78,3.17,2.96,2.78
4,2021000000,2,00000,18歳未満人員,人,0.55,...,0.55,0.56,0.53,0.53,0.5,0.52,0.51,0.62,0.56,0.57,0.63,0.54,0.57,0.78,0.54,0.43,0.66,0.53,0.43,0.7,0.53,0.56,0.5,0.58,0.71,0.47,0.48,0.49,0.74,0.55,0.93,0.55,0.61,0.59,0.55,0.63,0.46,0.61,0.55,0.56,0.52,0.59,0.4,0.48,0.69,0.73,0.75,0.74,0.68,0.59,0.48,0.56,0.67,0.74,0.48,0.4,0.62,0.55,0.61,0.62,0.56,0.54,0.38,0.74,0.54,0.44
5,2021000000,2,00000,65歳以上人員,人,0.85,...,0.79,0.8,0.9,0.98,0.92,1.01,0.8,0.86,0.87,0.84,0.81,0.9,0.9,0.74,0.85,0.82,0.83,0.87,0.96,0.88,0.84,0.71,0.8,0.75,0.54,0.87,0.74,0.82,0.75,0.76,0.65,0.98,0.7,0.83,0.88,0.8,0.89,0.74,0.83,0.92,0.72,0.79,0.97,0.89,0.78,0.72,0.8,0.72,0.7,0.79,0.96,0.83,0.66,0.68,0.89,0.94,0.72,0.75,0.76,0.71,0.84,0.75,0.93,0.76,0.91,1.05
6,2021000000,3,00000,65歳以上人員のうち無職者人員,人,0.67,...,0.62,0.66,0.7,0.76,0.76,0.79,0.64,0.68,0.69,0.67,0.61,0.74,0.7,0.54,0.72,0.72,0.68,0.73,0.8,0.69,0.68,0.6,0.66,0.66,0.4,0.75,0.56,0.65,0.64,0.61,0.52,0.77,0.58,0.67,0.7,0.64,0.67,0.61,0.67,0.71,0.57,0.7,0.86,0.71,0.65,0.57,0.54,0.57,0.52,0.63,0.74,0.73,0.5,0.56,0.65,0.76,0.52,0.63,0.56,0.56,0.65,0.58,0.78,0.59,0.73,0.89
7,2021000000,1,00000,有業人員,人,1.34,...,1.33,1.31,1.35,1.36,1.16,1.43,1.34,1.52,1.38,1.27,1.36,1.27,1.31,1.39,1.15,1.24,1.44,1.22,1.1,1.55,1.42,1.19,1.3,1.3,1.49,1.19,1.39,1.28,1.4,1.56,1.53,1.3,1.41,1.37,1.4,1.39,1.42,1.45,1.24,1.27,1.4,1.2,1.12,1.23,1.4,1.41,1.44,1.38,1.47,1.29,1.28,1.18,1.44,1.26,1.4,1.19,1.44,1.25,1.43,1.26,1.22,1.38,1.16,1.49,1.32,1.17
8,2021000000,1,00000,世帯主の配偶者のうち女の有業率,％,39.7,...,38.3,40.6,39.6,40.8,34.7,39.9,38.6,46.7,43.1,37.3,46.9,39.1,39.4,38.9,32,34.3,45.3,32.4,33.3,50.7,40.5,33.7,39.9,43.2,46.7,33.1,37.3,35.9,43.5,47.9,46.5,42.1,38.6,40.4,45.1,39.5,44.4,48.9,35.6,34.2,39.7,36.2,35,32.4,48.2,46.7,48.6,42.3,46.4,39.3,42.2,39.2,47.1,37.4,38,35.9,41.7,41.2,51.4,38,30.7,43.9,32.4,46.2,37.5,32.2
9,2021000000,1,00000,世帯主の年齢,歳,60.1,...,59.5,59.3,60.9,61.4,61,61.6,60,58.7,60.1,60.4,58.3,60.5,60.4,57.6,59.9,60.8,59.4,58,63.1,58.4,60.2,58.9,59.4,59.6,55.5,62.3,59.6,60.9,57.7,58.6,56.8,60.7,57.2,58.5,59,59.2,61.6,57.8,58.9,61.4,58.9,59.4,63.8,61.4,57.8,57.4,57.9,56.5,57.7,59.8,61.3,59.4,56,56.7,61.3,62.9,56.7,58.6,58.1,58.1,61,58.5,62.3,58.2,61,63.2
10,2021000000,1,00000,持家率,％,84.4,...,80.9,83.9,86.1,89,77.3,85,85.8,85.9,88.8,82,80.8,86,82.7,69.1,69,92.3,82.1,79.1,92.4,77.8,90,82.1,82.2,92.2,90.1,82.9,82,83.2,84.4,93.4,89.9,94.9,75.2,80.8,84.2,87.4,82.8,90.5,84.5,89.7,76.1,72.3,88,84.6,79.6,75.4,75,77.3,76.3,85.1,84.4,92.1,74.6,74.2,77.1,79,76,72,85.2,69.2,55.5,76.4,89.3,87,93.4,80.7
11,2021000000,3,00000,平均畳数(持家),畳,39.8,...,36.5,39.1,42.3,42.6,41.9,44.8,37,48.1,44.5,38.1,40.1,42.9,39,33.1,41.1,45,40.7,38.9,44.6,47.2,42.3,38,41,37.5,36.9,33.6,33.8,32.9,42.5,46.6,43.4,43,40.3,41.8,47.7,39.9,43.9,39.7,39.8,38.3,34.6,36.4,39.7,38.4,41.2,40.8,39.3,39.6,42.6,42.6,43.1,39.4,36.4,39.2,42.5,35.2,38.2,42.8,36.4,36.8,35.2,33.3,33.8,43.2,37.2,36.6
12,2021000000,2,00000,持家のうち住宅ローンを支払っている世帯の割合,％,...,...,...,...,...,...,...,...,...,...,...,...,...,...,...,...,...,...,...,...,...,...,...,...,...,...,...,...,...,...,...,...,...,...,...,...,...,...,...,...,...,...,...,...,...,...,...,...,...,...,...,...,...,...,...,...,...,...,...,...,...,...,...,...,...,...,...,...
13,2021000000,3,00000,平均畳数(持家のうち住宅ローンを支払っている世帯),畳,...,...,...,...,...,...,...,...,...,...,...,...,...,...,...,...,...,...,...,...,...,...,...,...,...,...,...,...,...,...,...,...,...,...,...,...,...,...,...,...,...,...,...,...,...,...,...,...,...,...,...,...,...,...,...,...,...,...,...,...,...,...,...,...,...,...,...,...
14,2021000000,1,00000,家賃・地代を支払っている世帯の割合,％,14.2,...,17.3,15.1,12.6,9.1,22.9,12.9,13.2,14,9.5,16,17.5,13.3,14.7,26.9,30,8.9,16.6,18.6,9.6,21.3,10.4,18.6,16.4,7.2,10.4,14.1,17.7,14.6,15.3,6.1,8.8,6.2,24.3,17.8,15.9,12.3,13.1,7.9,14.5,10.4,23.3,20.2,12.2,14.4,18.8,23.7,20.7,20.7,21.8,13.8,14.5,7.1,23.6,20.7,21.4,18.1,21.3,24.4,12.7,28,41.7,23,8.7,10.8,6.7,15.8
15,2021000000,3,00000,平均畳数(家賃・地代を支払っている世帯),畳,25,...,24.9,25,24.6,26.2,28.6,24.4,24.7,26.5,25.7,24.3,24.5,25,24.8,21.4,27.2,26.8,23.5,22.3,30.9,23.6,27.4,21.4,25.5,20.7,27.1,25.4,24,24.9,23.7,23.8,28.6,29.3,23.1,25.4,25.3,23.1,26.6,23.6,25.2,26.8,25.3,23.3,28.2,26.1,27.8,24.7,25.8,25.5,25.1,23.6,23.9,27.1,21.8,27.5,22.3,24.6,24,26,21.7,23.3,21.4,24.9,20.3,23.1,26.8,21.4
16,2021000000,3,00000,消費支出,円,279024,10000,293359,286574,267249,256180,259167,254767,297150,294209,283472,269539,268302,252619,260735,223636,268396,245117,272911,284171,247776,321411,292743,275819,281101,286646,315001,311484,322785,300152,313678,317803,307083,252152,270816,285963,306115,291793,263912,295770,296980,283208,249980,287016,290843,225703,273927,273925,276603,284423,283246,298531,274537,243528,280789,285494,274612,249995,291309,271229,253236,299164,228284,305711,265151,292598,277630,251352
17,2021000000,4,1,食料,円,75761,10000,81951,76300,72490,68529,68219,71297,81556,75565,75841,75638,69827,65999,68100,65150,71448,69503,73738,75689,72364,79328,76397,68152,74561,75461,86879,86547,90894,86471,79937,81291,83862,72493,73192,70085,77757,76006,75450,73270,81058,80899,78611,77694,78070,64931,68847,72271,71175,75006,69311,77444,70977,67773,75096,75448,68797,71050,72065,67277,70397,70536,66970,85594,76301,76853,81266,72558
18,2021000000,5,1.1,穀類,円,6389,9975,6712,6475,6252,5838,6381,5734,6518,6558,6647,6662,6167,6057,5807,5860,6556,6014,6422,6318,5459,6653,6036,5618,6124,6289,6727,6625,6579,7105,7299,6874,6952,6307,6470,5724,6434,7060,6315,6220,7168,7208,7026,6709,6418,6617,6003,5926,6373,6244,6152,6205,5895,6193,6176,6756,5726,6679,5936,5286,5711,5918,6079,6987,6566,6726,7378,6207
19,2021000000,6,1.1.1,米,円,1763,4816,1834,1766,1775,1609,2177,1705,1724,1883,1835,1747,1628,1514,1774,2149,2245,1729,1861,1738,1591,1953,1823,1677,1651,1724,1741,1695,1620,1912,2252,2012,2060,1918,1794,1485,1783,2490,1650,1334,2047,1923,2077,1610,1681,2092,1599,1696,1407,1626,1818,1507,1299,1606,1753,1897,1679,2196,1868,1493,1835,1935,2196,2001,1669,2270,2103,1899
20,2021000000,6,1.1.2,パン,円,2576,9746,2777,2648,2444,2272,2204,1967,2643,2543,2685,2920,2514,2632,2286,2027,2270,2104,2367,2464,1936,2220,2109,2043,2338,2557,2749,2791,2819,2902,2801,2628,2718,2445,2585,2242,2606,2518,2638,2830,2916,3335,2930,3098,2818,2551,2549,2287,2887,2579,2447,2779,2475,2730,2583,2792,2364,2692,2337,2111,2112,2153,2234,2760,2748,2532,3133,2429
21,2021000000,6,1.1.3,麺類,円,1585,9587,1596,1594,1586,1543,1566,1688,1659,1654,1649,1533,1542,1490,1322,1204,1589,1739,1768,1662,1606,1990,1709,1412,1662,1515,1719,1663,1595,1736,1821,1736,1626,1502,1635,1538,1471,1592,1554,1585,1629,1457,1568,1534,1406,1573,1478,1506,1539,1584,1467,1427,1675,1408,1442,1498,1313,1402,1354,1250,1335,1371,1190,1649,1591,1418,1656,1436
22,2021000000,6,1.1.4,他の穀類,円,465,6123,506,467,446,415,433,375,492,479,478,463,483,421,424,480,451,443,426,454,327,490,395,486,473,493,516,475,544,556,425,498,548,443,456,459,575,460,473,470,576,493,451,467,513,402,376,437,539,455,419,491,447,449,398,568,369,388,377,433,429,459,459,577,559,505,486,443
23,2021000000,5,1.2,魚介類,円,6031,9878,6361,5984,5898,5736,6311,6719,6330,6044,5876,6199,5193,5295,5206,3730,6239,6743,6289,6241,6798,6139,6088,5053,5595,6112,6449,7062,6873,6698,6249,6815,6657,5644,5740,5637,5740,6126,5565,5653,6469,6487,6644,5967,6389,5498,5447,5287,5096,5132,5401,5787,5429,5617,5826,5467,5564,5979,5051,5038,4971,5447,3959,6538,6508,5972,6462,6169
24,2021000000,6,1.2.1,生鮮魚介,円,3461,9192,3734,3431,3374,3160,3475,3588,3576,3376,3400,3742,3036,3121,3068,2194,3575,3729,3382,3409,3833,3037,3060,2790,2959,3340,3728,4108,4128,3832,3275,3936,4082,3267,2910,2888,3113,3351,3276,3292,3709,3842,4131,3588,3726,3302,3093,2971,3039,2984,3345,3290,3154,3469,3280,3265,3318,3424,3159,2955,2882,3415,2349,3644,3769,3337,3780,3673
25,2021000000,6,1.2.2,塩干魚介,円,1035,7757,1063,1015,1004,1073,1166,1354,1120,1049,949,1039,831,804,812,273,1119,1287,1383,1111,1287,1380,1252,1013,1115,1095,1118,1156,1100,1151,1262,1030,923,935,1130,1078,953,1078,825,878,1227,1149,1075,963,1171,993,1018,948,797,763,790,1054,843,822,1071,907,767,817,766,772,750,655,323,1238,1205,1026,1166,995
26,2021000000,6,1.2.3,魚肉練製品,円,685,8436,666,688,705,682,654,716,660,686,738,698,689,777,682,432,591,606,614,718,563,716,760,506,580,632,575,776,660,681,649,715,648,702,673,632,761,762,726,727,666,676,668,674,686,669,772,664,587,673,660,762,792,796,851,571,830,1059,565,587,654,702,465,666,626,712,739,732
27,2021000000,6,1.2.4,他の魚介加工品,円,850,7787,898,850,816,820,1016,1060,973,934,790,719,636,593,644,832,955,1121,910,1002,1115,1007,1016,743,942,1046,1028,1023,985,1035,1063,1134,1004,740,1027,1039,913,935,738,755,867,820,771,741,806,533,565,704,672,712,606,681,641,530,624,724,649,679,561,724,685,675,822,990,909,896,776,769
28,2021000000,5,1.3,肉類,円,7901,9898,8475,7869,7668,7281,7038,6795,7781,7291,8013,8866,7923,7448,8181,6965,7023,7033,6582,6988,6879,8702,7349,6088,6712,5968,8413,7643,8995,8633,7196,6998,9013,7512,6720,6085,7281,8011,7222,8020,9552,9605,9334,8794,9182,9173,7153,7617,7663,8611,8035,8049,7534,8516,7223,8875,7828,7713,8636,8195,7979,7964,6393,8514,7734,7978,9208,8299
29,2021000000,6,1.3.1,生鮮肉,円,6422,9741,6939,6413,6191,5865,5344,5339,6246,5779,6398,7467,6615,6215,6867,5456,5464,5463,5089,5500,5527,7001,5772,4849,5356,4566,6816,6050,7396,6998,5581,5492,7349,6065,5373,4741,5712,6350,5833,6640,7986,8104,7867,7336,7858,7844,5831,6268,6393,7196,6692,6809,6356,7159,5981,7516,6608,6251,7236,6963,6661,6778,4983,6847,6136,6262,7854,6877
30,2021000000,6,1.3.2,加工肉,円,1478,9139,1536,1457,1478,1416,1693,1456,1535,1512,1616,1400,1308,1233,1314,1509,1559,1570,1493,1487,1352,1701,1577,1239,1356,1402,1598,1593,1599,1635,1615,1506,1664,1447,1346,1344,1569,1661,1389,1380,1566,1501,1467,1458,1324,1328,1322,1349,1270,1414,1343,1240,1178,1357,1242,1359,1220,1461,1400,1232,1318,1185,1410,1666,1598,1716,1354,1422
31,2021000000,5,1.4,乳卵類,円,4022,9940,4218,4034,3953,3750,3367,3955,4275,4112,4145,4104,3752,3517,3493,3123,3491,3418,4076,4050,3723,4390,4329,3887,3831,3986,4429,4592,4502,4559,4117,4034,4281,3947,3783,3899,4278,4094,4006,3908,4252,4387,3992,4373,4260,3450,3880,4062,3852,3979,3850,3803,3697,3703,3649,3821,3683,3698,3592,3510,3628,3768,3528,4417,4068,4262,3874,3628
32,2021000000,6,1.4.1,牛乳,円,1245,8383,1284,1232,1242,1207,979,1286,1283,1347,1261,1320,1241,1151,1087,814,901,1049,1352,1227,1119,1486,1255,1112,1229,1206,1351,1576,1302,1434,1206,1334,1470,1259,1106,1248,1182,1119,1230,1219,1249,1482,1265,1461,1322,1124,1405,1503,1326,1196,1291,1383,1297,1154,1047,1092,1147,1118,1172,974,1053,1246,904,1412,1253,1206,1244,1107
33,2021000000,6,1.4.2,乳製品,円,1927,9295,2066,1939,1879,1726,1672,1853,2161,1916,2012,1837,1692,1514,1578,1480,1836,1717,1985,1958,1850,2060,2103,1994,1883,2104,2219,2084,2369,2225,2002,1993,1900,1766,1917,1895,2159,2150,1975,1830,2001,1977,1796,1884,1957,1385,1523,1728,1768,1885,1734,1623,1607,1691,1631,1882,1705,1709,1557,1684,1774,1657,1719,2103,1987,2214,1661,1652
34,2021000000,6,1.4.3,卵,円,850,9457,868,863,832,817,716,816,831,849,872,947,819,852,828,829,754,653,739,865,754,844,971,781,719,677,859,932,831,900,909,706,911,921,760,755,938,825,802,859,1001,927,931,1027,981,940,952,831,758,898,825,797,793,859,972,846,831,871,863,852,802,866,905,902,828,842,969,870
35,2021000000,5,1.5,野菜・海藻,円,8793,9985,9650,8865,8418,7676,8128,9112,9608,8933,8553,8807,7426,6974,7519,7524,8426,8748,9459,9573,9658,9286,9667,8185,8794,8773,9961,11120,10573,10830,10529,9535,9305,8847,8303,7932,8084,9020,8580,8024,10576,9756,9306,8941,9253,7215,7646,8962,7029,8018,6999,7929,7755,7413,7907,8213,8099,8180,7527,7717,7580,8243,8074,10044,9673,9132,9374,8677
36,2021000000,6,1.5.1,生鮮野菜,円,5893,9953,6670,5981,5534,4861,5476,5796,6531,5812,5686,5964,4926,4558,4973,5100,5827,5763,6130,6359,6465,5968,6288,5305,5699,5662,6808,7692,7373,7568,7317,6242,6199,5746,5622,5154,5227,6222,5909,5210,7161,6705,6422,6204,6171,4893,5161,5964,4705,5566,4649,5155,5003,5000,5481,5614,5361,5395,4948,5107,5051,5555,5589,7021,6707,6169,6418,5918
37,2021000000,6,1.5.2,乾物・海藻,円,703,8109,733,703,695,659,602,756,747,725,722,682,645,567,636,608,627,734,802,795,797,790,804,690,717,672,726,851,780,868,794,777,754,731,606,685,692,614,672,711,835,736,647,631,710,625,610,814,539,660,638,744,561,623,566,714,612,754,632,675,560,766,657,753,725,708,729,698
38,2021000000,6,1.5.3,大豆加工品,円,1099,9762,1100,1089,1106,1106,957,1344,1141,1276,1049,1066,953,985,1009,1048,930,1061,1361,1224,1188,1219,1263,1171,1188,1170,1197,1226,1169,1161,1164,1308,1256,1308,931,1148,1029,1150,982,1071,1316,1200,1045,1100,1175,766,994,1145,917,916,895,1047,1137,1003,945,904,1104,1016,1094,1029,1058,1080,1067,1089,1094,1179,1037,1009
39,2021000000,6,1.5.4,他の野菜・海藻加工品,円,1098,9297,1146,1091,1082,1050,1092,1216,1190,1120,1095,1094,903,864,901,768,1042,1189,1166,1194,1208,1308,1312,1018,1191,1269,1231,1351,1251,1233,1255,1208,1095,1061,1145,944,1136,1033,1018,1031,1263,1115,1192,1006,1196,931,880,1038,868,877,816,982,1054,787,915,980,1022,1015,854,907,912,842,760,1181,1146,1076,1191,1052
40,2021000000,5,1.6,果物,円,3035,9365,3337,3052,2924,2623,3077,2946,3374,2983,2838,3036,2601,2639,2512,2400,3200,2455,3111,3214,3291,2966,2675,2897,3086,3617,3404,3901,3703,3734,3392,3258,3094,3007,2803,2508,2937,2814,3054,3138,3301,3370,3165,3257,3428,2183,2773,2955,2583,2740,2797,2974,2798,2771,2751,2725,2563,3094,2315,2814,2511,2468,2681,3382,3496,2845,2929,3158
41,2021000000,6,1.6.1,生鮮果物,円,2735,9210,2987,2746,2658,2376,2830,2694,3003,2701,2567,2778,2348,2433,2253,2140,2928,2208,2842,2971,3048,2627,2421,2676,2769,3179,3053,3531,3282,3218,3100,2917,2781,2762,2495,2208,2611,2523,2767,2787,2967,3053,2925,2925,3080,2040,2534,2666,2337,2453,2587,2670,2555,2490,2487,2353,2252,2802,2069,2497,2273,2245,2392,3070,3110,2562,2686,2879
42,2021000000,6,1.6.2,果物加工品,円,300,3533,350,306,266,247,247,252,371,282,271,259,253,206,259,261,272,247,269,243,243,339,255,221,317,438,352,370,420,516,292,342,313,245,307,300,326,290,287,350,334,317,239,332,348,143,239,289,246,287,211,304,243,281,264,372,312,292,247,317,239,223,289,312,386,283,243,279
43,2021000000,5,1.7,油脂・調味料,円,3823,9945,3934,3805,3814,3671,3438,3711,4005,3910,3873,3769,3634,3501,3623,3470,3454,3428,3807,3773,3631,3978,3804,3347,4036,3792,4083,4172,4120,4343,4092,3804,4031,3332,3479,3833,3704,3655,3514,3639,4164,3990,3752,3638,3888,3454,3499,3919,3464,3933,3665,3687,3558,3651,3569,3802,3495,3711,3829,3513,3621,3785,3525,4012,3850,4039,3962,3610
44,2021000000,6,1.7.1,油脂,円,405,6035,430,403,388,388,379,359,433,395,402,396,395,374,378,424,377,360,345,386,400,379,355,359,465,401,459,428,476,472,389,390,437,357,366,383,339,369,362,398,464,438,387,398,455,367,354,415,354,446,402,381,386,398,334,398,341,425,418,388,367,422,466,428,443,463,442,393
45,2021000000,6,1.7.2,調味料,円,3418,9932,3504,3401,3426,3283,3059,3352,3573,3515,3472,3373,3240,3127,3244,3046,3077,3068,3463,3387,3231,3599,3449,2988,3571,3391,3624,3744,3644,3871,3703,3414,3595,2975,3112,3450,3365,3287,3151,3240,3701,3552,3366,3240,3433,3087,3145,3504,3110,3487,3263,3305,3172,3254,3234,3404,3154,3286,3411,3125,3254,3363,3059,3584,3406,3576,3519,3217
46,2021000000,5,1.8,菓子類,円,6469,9926,6778,6586,6235,6037,5922,6202,6845,6602,6673,6275,6256,5962,5845,5879,6136,5929,6681,6663,6150,7159,6624,5923,6157,6389,7555,6998,6932,7396,6781,6666,7611,6100,6154,6231,6833,6139,6486,6953,6914,6609,6363,6469,6270,5319,6283,6058,6836,6613,6256,6190,5659,6491,6176,6949,5436,6209,6244,5958,5972,5452,5802,7022,6455,6847,6640,6216
47,2021000000,5,1.9,調理食品,円,11363,9967,12280,11387,10900,10372,8624,10507,12683,11539,10874,11173,10430,9825,10099,10639,9036,9740,10259,11574,9481,10948,12105,10976,11467,11935,13505,13806,14290,12569,12034,13436,12096,11746,12303,10570,11899,11651,10262,10650,10769,11603,11751,11006,11367,9747,8987,10071,10902,11655,10380,12724,10646,9272,12966,10056,10814,10721,10603,9581,11695,9802,11308,14437,11078,11825,12487,10382
48,2021000000,6,1.9.1,主食的調理食品,円,4802,9545,5270,4876,4494,4288,3606,4101,5516,4294,4610,4584,4463,4141,4359,4389,3969,4025,4409,5033,3744,4237,4938,4805,4914,5565,5988,6131,6102,5503,4726,4729,4945,3997,5470,4691,4601,5178,4605,4663,4129,4640,4707,4212,4941,4396,3899,4176,4866,4939,4568,5135,4683,3924,6084,4735,4358,4486,4869,4193,4650,3986,4523,6232,5199,4833,5390,4381
49,2021000000,6,1.9.2,他の調理食品,円,6561,9899,7011,6511,6406,6084,5018,6407,7167,7245,6264,6590,5967,5685,5740,6250,5067,5714,5850,6541,5737,6711,7166,6171,6552,6370,7517,7675,8188,7066,7308,8707,7151,7750,6833,5879,7297,6473,5656,5987,6640,6963,7044,6794,6426,5351,5088,5895,6036,6716,5812,7590,5963,5348,6882,5320,6456,6235,5734,5387,7045,5815,6785,8205,5878,6992,7097,6001
50,2021000000,5,1.10,飲料,円,4953,9860,5139,5000,4842,4694,4720,4931,5423,5036,4861,4570,4524,4327,4414,5469,4580,4962,4921,5060,4605,5000,5245,4962,5318,5796,5866,5562,5677,5476,5201,5533,5189,4368,5408,4570,5057,4680,4691,4513,4656,4547,4836,4272,4763,4344,4323,4308,4703,4552,4473,5248,4585,4224,4391,4652,4402,4562,4809,4300,4848,5218,5313,5581,4924,4787,4940,4919
51,2021000000,6,1.10.1,茶類,円,1101,7867,1139,1097,1110,1025,977,1045,1329,1094,1076,903,777,816,976,1100,898,871,1031,1075,974,1038,1142,1217,1392,1480,1378,1553,1275,1436,1348,1207,1018,822,1145,900,1148,1139,1035,992,974,800,1031,851,943,881,771,793,726,740,842,998,984,702,845,969,1053,1099,938,1108,1274,1077,950,1132,1138,1082,1073,1076
52,2021000000,6,1.10.2,コーヒー・ココア,円,1014,7602,1065,1024,1001,922,1015,923,1036,1070,1051,1043,995,968,896,1110,1096,982,987,1020,885,937,919,898,1097,1104,1055,1000,1165,983,989,1230,1159,1084,903,1111,1096,830,1037,885,1164,1093,989,914,1109,1005,1058,969,1064,1085,1018,1097,1089,954,911,1101,768,777,1116,870,778,795,1049,1182,1141,859,1150,1000
53,2021000000,6,1.10.3,他の飲料,円,2838,9325,2935,2879,2731,2748,2728,2963,3058,2872,2734,2625,2752,2543,2542,3260,2586,3109,2903,2965,2746,3026,3184,2847,2829,3212,3432,3009,3237,3058,2863,3096,3012,2462,3359,2559,2813,2711,2619,2637,2517,2654,2815,2507,2711,2459,2495,2546,2913,2728,2613,3152,2512,2567,2635,2582,2580,2685,2754,2321,2797,3346,3314,3268,2646,2845,2716,2843
54,2021000000,5,1.11,酒類,円,3601,6541,4074,3442,3318,3507,3803,4136,3923,3781,3106,3287,3562,2918,3290,3134,3791,4694,4384,3945,4488,4066,4159,2653,3850,3529,4445,4727,5053,4047,4070,4355,4111,3006,2904,3233,2834,3216,3369,3051,3639,3432,3725,3894,3853,2479,3565,3343,3281,3673,3587,3779,3469,2959,3656,3774,2881,3239,3468,3355,3525,2914,3209,3922,3866,2352,3442,3514
55,2021000000,5,1.12,外食,円,9380,7369,10992,9801,8269,7344,7411,6548,10792,8777,10382,8890,8359,7536,8111,6956,9517,6338,7747,8290,8200,10041,8316,8563,9589,9274,12042,10340,13600,11082,8977,9983,11520,8677,9127,9863,12677,9541,12386,9501,9598,9906,8718,10374,9001,5452,9288,9763,9394,9857,7715,11068,9950,6964,10806,10359,8305,7265,10054,8010,8356,9558,7101,10738,8082,10090,10571,7780
56,2021000000,6,1.12.1,一般外食,円,8536,7221,10189,8883,7377,6651,6414,5829,9972,7738,9492,8124,7364,6685,7240,6239,8348,5574,6850,7520,7282,8873,6997,7584,8772,8017,10684,9342,12920,10431,7879,9129,9789,7626,8273,8692,11736,8442,11609,8514,8526,9024,8569,9664,8119,5033,7530,8221,8211,8893,6330,9817,9004,6007,9466,9064,7518,6752,8963,7077,7234,8544,6311,9955,7437,8868,9894,7044
57,2021000000,6,1.12.2,学校給食,円,844,1130,803,918,892,693,996,720,820,1039,891,767,995,850,871,717,1169,763,897,771,919,1168,1320,980,817,1257,1358,999,679,651,1099,854,1731,1052,853,1171,941,1099,777,987,1072,881,149,710,882,419,1758,1542,1183,964,1386,1252,946,956,1340,1295,787,513,1091,934,1122,1013,789,783,645,1222,677,736
58,2021000000,4,2,住居,円,18329,3691,23179,18167,15824,13742,18227,16710,20275,15987,15162,18505,18163,17530,16933,19222,22013,13232,17181,19852,10342,20501,19928,21826,17590,19806,16097,19810,27016,27698,24144,14002,15254,14345,16729,23380,16280,17542,21186,15439,13564,17141,23296,25088,18176,10909,18293,18243,20199,23688,25377,15724,18412,13107,20278,20931,25501,17757,26716,23728,12756,22053,27286,26072,15737,14920,18741,16980
59,2021000000,5,2.1,家賃地代,円,8743,1417,12658,9236,6448,4218,11220,5883,10066,5813,5105,9870,10083,6198,7887,13414,18024,4258,8768,11795,3753,10314,4728,8551,7962,3241,5045,8637,16653,11400,7408,3427,4657,3218,11358,10214,8517,7967,7409,4091,7101,7117,15375,13093,6492,5598,11544,10019,13602,15427,11555,6449,6352,4028,13261,14462,11983,8109,12908,14209,5905,15486,20861,18769,5753,7430,4955,7049
60,2021000000,5,2.2,設備修繕・維持,円,9586,2531,10521,8931,9376,9524,7008,10827,10209,10174,10057,8635,8080,11331,9046,5808,3989,8974,8412,8058,6589,10187,15199,13275,9629,16565,11052,11173,10364,16299,16737,10575,10598,11127,5370,13166,7763,9575,13778,11348,6463,10025,7920,11995,11685,5311,6749,8225,6597,8261,13822,9275,12059,9080,7018,6469,13519,9648,13809,9518,6851,6566,6425,7303,9984,7490,13786,9931
61,2021000000,6,2.2.1,設備材料,円,3276,1707,3328,3220,3130,3528,2760,2793,3348,3140,3855,3609,2285,2658,3336,1190,2238,1762,2847,1980,3976,3675,3023,2313,4137,4587,5900,2100,2903,5662,3750,3697,4578,4899,1536,6796,3717,2745,4578,5189,5044,1959,2446,3048,4621,2458,2054,1593,1742,1415,3780,3201,4439,1532,3004,2813,1721,1589,4472,3818,2756,2411,903,1974,2395,5591,5322,3581
62,2021000000,6,2.2.2,工事その他のサービス,円,6310,1107,7193,5711,6246,5996,4248,8034,6861,7034,6202,5027,5795,8674,5710,4618,1752,7212,5565,6078,2613,6512,12177,10962,5492,11978,5152,9073,7461,10637,12986,6877,6019,6228,3834,6370,4046,6829,9199,6160,1420,8066,5474,8947,7063,2852,4695,6632,4855,6846,10042,6074,7620,7548,4014,3656,11798,8059,9337,5700,4094,4156,5522,5329,7590,1898,8464,6350
63,2021000000,4,3,光熱・水道,円,21530,9531,20735,21466,21766,22735,27428,25416,20632,26213,21058,20574,22234,21004,20065,19334,26676,28051,26994,22954,26395,29475,25980,21078,20830,18643,22695,21258,19918,19933,25233,26266,25215,25073,20762,23164,22188,22344,19382,19220,21505,20754,19734,17420,21408,19193,21818,25547,21463,21670,22467,21034,20920,19986,20507,19860,22759,21307,20555,19222,18654,19523,19513,20809,20775,20774,22318,18490
64,2021000000,5,3.1,電気代,円,10317,8809,9656,10125,10836,11090,11357,11264,9403,13678,10461,9973,11580,11782,10538,10233,11489,12676,11956,10694,11559,13094,12690,9957,9063,8858,10278,9046,9071,8777,11624,14565,13922,15151,9828,9445,11225,10840,9052,9321,10670,9643,10148,8040,9470,10616,11362,13357,11100,10774,11966,13203,11381,11164,9775,9373,10931,9458,10720,9766,9658,10048,9657,9559,9518,10486,10616,9745
65,2021000000,5,3.2,ガス代,円,4648,6908,5133,4794,4276,4056,3945,4261,5032,3994,4970,4899,4201,3739,3815,4209,4612,3198,4787,4535,4749,5311,4369,4840,4623,3925,5194,5243,5286,5336,5439,3028,3873,2807,4622,4945,4961,5511,5346,4295,3756,5455,5173,4870,5117,3424,3709,4129,4574,5364,4067,3166,4450,3470,5141,4812,4189,5062,3897,4107,3146,4775,4713,5559,5475,4858,4948,4160
66,2021000000,5,3.3,他の光熱,円,1153,1898,668,1022,1332,2018,6569,3657,682,2258,660,436,873,924,602,423,6015,6836,4233,1741,4112,3418,2153,899,971,851,254,318,192,258,1931,2684,1471,1220,869,1731,1062,476,359,744,571,343,182,164,475,561,1235,805,568,470,954,467,838,692,513,369,649,519,468,525,527,312,265,255,530,388,238,604
67,2021000000,5,3.4,上下水道料,円,5412,5680,5279,5524,5321,5571,5557,6234,5514,6282,4967,5266,5579,4559,5111,4470,4560,5340,6019,5984,5975,7651,6768,5382,6173,5009,6968,6651,5369,5561,6239,5990,5949,5895,5442,7043,4940,5517,4626,4860,6507,5313,4231,4347,6346,4592,5511,7256,5220,5061,5480,4197,4250,4660,5078,5306,6990,6268,5470,4824,5324,4388,4878,5435,5252,5041,6515,3980
68,2021000000,4,4,家具・家事用品,円,11932,9871,12043,11638,11961,12290,10202,10739,12843,11940,12625,11034,11802,10534,11443,9850,9912,10523,10978,12054,9587,11286,11807,11022,11536,13224,13735,14461,13407,11581,11859,11713,12170,10918,10011,12434,11565,10251,11696,12408,14280,10732,10293,12671,11410,10867,9899,11213,12443,12259,11174,12676,10410,14149,10045,12599,12332,10795,12320,11216,10583,12652,8975,11725,10648,11548,10607,10290
69,2021000000,5,4.1,家庭用耐久財,円,3968,1242,3969,3921,3844,4264,3237,3268,4456,4030,4291,3682,4116,2917,3366,2654,3116,3125,3644,3847,2572,3736,3942,3355,3960,5810,4738,5626,4615,3048,4292,4289,4292,4273,2763,4652,4052,3084,4335,4537,5654,3988,2777,5169,3951,3394,3566,3558,4627,4301,2990,4271,2249,5877,2471,4472,4955,3726,4107,3687,3262,4729,2348,3077,3801,3522,2538,3000
70,2021000000,6,4.1.1,家事用耐久財,円,2110,688,2081,2021,1918,2656,1665,1640,2346,2176,2424,1970,2256,1788,1673,1262,1394,1117,1487,1629,1342,2194,1758,1609,2419,1909,2629,2456,2280,1869,2090,2202,2363,2136,1555,2340,2021,1832,3061,2141,3668,1850,1304,2188,1877,1838,1617,2150,2182,2645,1693,1601,1069,4253,1208,2630,2795,2000,2358,1961,1539,1744,1099,1752,1646,2403,1067,1645
71,2021000000,6,4.1.2,冷暖房用器具,円,1399,425,1402,1401,1478,1262,1068,1329,1601,1437,1451,1273,1293,931,1217,913,1163,1555,1602,1641,1047,1191,1563,1294,1190,1358,1286,2439,1726,1035,1743,1757,1447,1375,1070,1330,1519,1053,970,1796,1462,1642,1009,2584,1489,1349,1764,676,2049,923,925,2045,985,1215,1050,1247,1851,1414,919,1175,1322,1990,932,985,1608,727,1177,961
72,2021000000,6,4.1.3,一般家具,円,459,232,486,499,448,346,504,299,509,416,415,439,568,198,476,480,558,453,556,577,183,352,622,452,350,2542,823,732,610,144,459,330,482,762,138,982,512,198,304,600,524,496,464,397,585,207,185,731,395,732,372,625,195,409,213,595,309,311,830,551,401,994,316,341,547,393,294,394
73,2021000000,5,4.2,室内装備・装飾品,円,669,1415,712,621,632,749,504,657,727,680,727,580,639,506,699,403,625,527,982,536,595,698,662,725,445,517,829,770,928,951,625,535,615,374,488,700,558,497,582,502,624,668,460,642,585,344,357,694,680,642,541,757,693,623,457,561,793,492,775,707,505,697,319,490,488,429,485,525
74,2021000000,5,4.3,寝具類,円,810,1031,902,777,782,757,613,597,891,810,915,684,803,728,876,536,536,1076,359,1305,614,854,742,844,726,593,1174,811,975,944,646,544,726,810,936,599,618,923,915,599,1176,385,688,1160,665,950,602,623,1027,1184,923,815,1351,603,630,848,576,1141,882,715,653,1117,422,1184,541,775,1044,649
75,2021000000,5,4.4,家事雑貨,円,2293,7575,2415,2303,2220,2165,1909,2063,2453,2204,2395,2214,2174,1937,2235,2250,2008,1845,2216,2272,1798,1978,2126,2124,2372,2417,2845,2479,2708,2298,2027,2310,2643,1956,2134,2418,2183,1993,2196,2468,2631,1992,2316,2486,2280,1645,1542,2268,2387,2383,2427,2159,1751,2145,2085,2743,1852,1976,2371,2343,2185,2291,1988,2406,2126,2232,2686,2159
76,2021000000,5,4.5,家事用消耗品,円,3370,9747,3402,3330,3410,3327,3289,3228,3501,3493,3454,3250,3263,3142,3189,3386,3081,3007,3157,3537,3033,3385,3484,3102,3572,3419,3637,3856,3319,3800,3581,3481,3259,2879,3307,3117,3227,3303,3004,3373,3423,3101,3732,2806,3230,3006,2773,3340,2987,3334,3299,3476,3001,3331,3322,3456,3111,3025,3432,3132,3405,3311,3334,3670,3312,3826,3199,3378
77,2021000000,5,4.6,家事サービス,円,822,2645,643,686,1072,1027,650,926,816,724,842,623,805,1305,1076,621,547,942,619,558,975,635,851,872,460,468,511,918,861,539,687,555,637,627,383,948,926,451,665,929,771,597,319,408,699,1528,1058,730,735,414,994,1198,1365,1571,1080,518,1046,436,753,632,573,507,563,897,379,763,656,578
78,2021000000,4,5,被服及び履物,円,8709,7457,9883,8870,7933,7464,7845,6892,9404,8300,9000,8957,7967,6911,8384,5814,8816,6520,8884,9406,7234,8672,7296,8025,8652,9859,13779,9053,11073,9486,8829,9117,10311,6857,8053,8077,8451,7986,9189,10355,10019,8053,9229,9367,8011,6273,7732,8579,8861,9411,7911,8191,7365,7450,8204,11196,7907,6853,9431,8906,7756,8899,5345,11568,7671,8461,9617,8184
79,2021000000,5,5.1,和服,円,161,40,180,319,32,7,37,12,185,22,63,426,142,6,32,9,32,14,16,33,11,9,11,110,40,470,1533,33,214,184,14,34,12,3,512,445,3,19,7,2031,5,10,352,5,19,196,326,12,430,7,119,9,20,4,4,25,73,4,4,60,22,281,2,164,16,38,196,2
80,2021000000,5,5.2,洋服,円,3383,3584,3983,3359,3031,2891,2846,2601,3572,2997,3644,3629,3100,2532,3386,2368,3194,2301,3959,3685,2618,3046,2346,2890,2788,3475,5827,3217,4494,3492,3294,3271,4033,2459,2606,3042,2768,2859,3794,3362,4133,3208,4172,4019,2818,2440,2968,3289,3381,4255,2828,2943,2363,2904,2801,5091,2953,2699,3332,3840,3023,3316,2075,4445,2943,3060,4136,3605
81,2021000000,6,5.2.1,男子用洋服,円,1114,1307,1298,1069,1054,964,939,939,1203,937,1186,1121,1058,799,1127,612,1128,695,1342,1180,966,970,782,921,950,1232,1889,970,1446,1306,1305,949,1337,742,869,1211,1055,1098,1149,918,1457,900,1347,1400,762,990,662,1131,1031,1360,715,697,746,1037,860,1367,941,897,1025,1314,773,1185,497,1578,1142,795,1374,939
82,2021000000,6,5.2.2,婦人用洋服,円,1894,2436,2253,1905,1655,1599,1574,1352,2018,1653,2075,2077,1621,1418,1875,1324,1707,1349,2151,1934,1314,1677,1308,1638,1449,1931,3413,1894,2603,1935,1450,2012,2076,1474,1479,1488,1362,1422,2247,1999,2253,1887,2439,1929,1835,1185,1794,1674,1886,2327,1817,1778,1360,1593,1590,3033,1750,1551,1925,2027,1789,1591,1281,2452,1475,1702,2468,2265
83,2021000000,6,5.2.3,子供用洋服,円,374,860,433,386,323,327,333,310,352,407,384,432,422,315,384,431,360,257,465,570,338,399,255,331,388,312,525,353,445,251,539,309,620,243,258,342,350,339,398,445,424,421,386,691,221,265,511,484,465,568,296,468,256,274,351,692,262,252,383,499,461,539,297,414,326,562,294,402
84,2021000000,5,5.3,シャツ・セーター類,円,1733,3292,1923,1745,1630,1528,1589,1329,1937,1733,1798,1593,1591,1554,1651,1261,1852,1222,1543,1988,1711,1976,1353,1937,1832,2008,2229,2178,2159,2013,1721,1887,2348,1361,1697,1492,2074,1609,1905,1585,1875,1573,1570,1754,1853,1247,1415,2048,1486,1833,1789,1838,2032,1473,2013,1883,1712,1297,1924,1767,1697,1656,1086,2323,1218,1751,1767,1593
85,2021000000,6,5.3.1,男子用シャツ・セーター類,円,553,1340,625,562,516,464,456,457,651,472,570,499,480,454,485,419,528,268,500,803,580,561,400,565,591,571,857,746,676,725,499,516,655,485,576,540,654,554,678,485,692,490,452,662,556,488,500,668,473,542,538,561,670,605,560,534,526,406,647,628,586,471,360,673,481,449,645,416
86,2021000000,6,5.3.2,婦人用シャツ・セーター類,円,1045,2297,1151,1037,987,959,981,757,1158,1093,1080,958,962,938,1046,668,1128,865,895,1068,974,1205,831,1181,1074,1317,1178,1272,1332,1185,1020,1275,1426,765,957,849,1229,920,1063,979,1028,984,1001,923,1162,679,710,1158,926,1075,1029,1154,1219,773,1234,1225,1074,806,1100,986,937,1049,607,1506,650,1013,1001,1077
87,2021000000,6,5.3.3,子供用シャツ・セーター類,円,135,547,147,145,128,104,152,114,127,168,148,136,149,163,120,174,196,89,148,116,157,210,122,191,167,121,194,160,151,102,203,97,266,111,164,103,192,134,164,121,156,99,117,169,135,79,205,222,87,217,221,123,143,95,220,124,112,85,177,154,175,136,119,144,87,289,122,100
88,2021000000,5,5.4,下着類,円,915,2805,947,924,906,852,757,822,961,919,1002,954,850,846,798,555,802,713,928,914,696,993,901,852,1100,1106,1042,1093,1056,896,894,980,862,783,920,857,1020,893,948,870,1097,821,869,810,872,690,764,815,915,967,915,886,813,912,935,920,934,783,979,900,743,1043,560,1107,861,828,943,809
89,2021000000,6,5.4.1,男子用下着類,円,285,1255,293,285,281,278,241,275,294,265,315,296,275,263,261,144,255,202,223,238,280,311,313,231,324,345,283,375,297,312,269,278,228,277,290,277,325,232,280,266,357,294,307,273,241,223,232,285,310,311,226,262,250,313,191,288,308,278,308,283,239,424,158,326,290,259,302,257
90,2021000000,6,5.4.2,婦人用下着類,円,530,1677,550,528,538,487,428,451,566,521,584,564,475,473,449,314,444,406,570,561,357,546,520,487,644,625,603,601,655,509,463,621,505,427,511,468,588,532,560,499,616,454,480,425,550,397,421,395,513,539,557,521,488,517,586,507,512,442,561,508,410,484,337,669,520,399,543,469
91,2021000000,6,5.4.3,子供用下着類,円,99,510,105,111,87,86,89,96,101,133,102,94,100,109,88,98,103,104,134,115,59,137,68,133,131,136,156,117,105,75,162,82,129,78,119,112,107,129,108,105,124,74,83,112,81,70,112,134,92,118,133,103,76,82,159,125,115,63,110,108,94,135,65,112,51,170,98,83
92,2021000000,5,5.5,生地・糸類,円,108,948,103,119,99,107,117,85,120,95,112,90,89,163,99,80,181,70,67,153,99,74,98,108,89,90,81,79,120,73,110,72,73,62,111,86,86,85,96,150,135,90,57,78,92,43,158,100,159,58,63,83,111,110,251,119,51,85,135,59,72,117,69,58,157,130,70,120
93,2021000000,5,5.6,他の被服,円,695,3822,753,698,650,653,775,647,711,676,733,705,669,577,655,455,885,588,682,699,577,736,600,631,740,752,845,764,758,702,732,716,774,536,773,700,735,661,759,648,808,767,762,753,719,542,612,670,727,765,692,586,629,615,641,856,613,566,757,702,634,798,409,761,584,727,684,668
94,2021000000,5,5.7,履物類,円,1201,2770,1366,1203,1126,1015,1332,1004,1283,1279,1210,1160,1096,868,1199,860,1342,1118,1266,1352,1077,1381,1052,1144,1423,1383,1736,1020,1591,1309,1487,1464,1461,1171,1081,1074,1209,1137,1144,1249,1208,1201,1177,1292,1131,874,1086,1071,1231,1133,1178,1093,1061,996,1211,1751,1047,1016,1204,1238,1259,1145,858,1834,945,1184,988,950
95,2021000000,5,5.8,被服関連サービス,円,514,1348,628,504,458,413,392,393,636,578,440,400,431,367,565,226,528,495,423,582,445,456,935,353,641,574,486,669,681,817,576,693,748,482,353,382,555,723,534,460,757,382,270,656,508,241,404,575,533,392,327,754,337,435,347,552,523,403,1095,340,305,541,286,877,946,744,832,437
96,2021000000,4,6,保健医療,円,14238,9376,15490,14670,13040,12984,12560,11566,15978,13119,13832,13484,13875,12319,13543,11503,13788,10781,12014,14631,11440,12763,11216,12790,12574,15078,15830,15928,18401,16613,13883,13547,13908,11861,11986,14946,17156,13843,11812,15462,15568,13556,12582,14958,16337,11856,11851,13865,15154,13749,13244,13918,13899,12381,11903,14429,15262,14371,14471,13058,11599,16227,11515,15743,16150,16461,13538,14611
97,2021000000,5,6.1,医薬品,円,2571,6783,2654,2596,2490,2500,2464,2373,2849,2443,2366,2370,2588,2141,2530,2008,2388,2358,2611,2551,2324,2411,1919,2324,2490,2268,3061,2894,3036,2882,2852,2523,2289,2294,2367,2486,2716,2548,2041,2224,2675,2299,2247,2235,2441,2206,2248,2343,2385,2528,2200,2581,2427,1940,2175,2419,2628,2608,2172,2380,2308,2577,2372,2917,2601,2582,1845,3112
98,2021000000,5,6.2,健康保持用摂取品,円,1140,1702,1098,1183,1112,1174,1004,904,1247,1022,993,1115,1258,835,1223,1349,1450,1171,662,1035,933,1356,1047,858,1511,1176,840,1164,1175,1141,840,1086,1679,1145,990,1092,885,1162,854,1006,946,1228,909,1349,1716,1292,1220,1427,1101,959,893,1344,888,1144,997,1016,1529,1695,1020,960,750,1593,1489,1155,1099,1117,859,966
99,2021000000,5,6.3,保健医療用品・器具,円,2762,7141,2841,2818,2592,2773,2387,2193,2933,3191,2860,2614,2877,2762,2609,2300,2300,2247,2268,2299,1730,2759,2596,2334,2636,2731,3432,3133,3072,2786,3788,3702,3102,2389,2652,3319,3068,2982,2178,3556,3527,2381,2420,2798,2709,2205,2674,2522,2717,2777,2807,2836,3545,2015,2654,3039,2415,3131,2794,3116,2387,2738,2343,2997,2978,4001,2349,2946
100,2021000000,5,6.4,保健医療サービス,円,7766,6746,8898,8073,6847,6536,6705,6096,8950,6463,7614,7386,7153,6582,7181,5847,7652,5005,6473,8747,6453,6237,5654,7274,5937,8902,8498,8738,11117,9804,6403,6236,6838,6033,5977,8049,10486,7151,6740,8676,8420,7648,7005,8575,9471,6154,5709,7573,8951,7485,7344,7157,7039,7283,6077,7955,8690,6937,8485,6602,6154,9319,5311,8674,9472,8760,8485,7587
101,2021000000,4,7,交通・通信,円,39702,9594,36116,42534,40054,39954,35875,39177,38760,53038,45679,35485,40740,37783,40484,31556,30483,32379,37341,40870,35886,67131,54966,48156,43714,45384,48475,45496,33483,35797,60815,52085,48598,34999,42183,43913,56839,43829,32193,56844,47908,39483,24432,37392,45315,27713,55356,39752,41951,36550,43030,46903,34533,26852,49832,37658,42444,34517,41898,41059,38844,58306,28660,33550,32885,47848,35965,32654
102,2021000000,5,7.1,交通,円,3339,2951,4549,3540,2552,1966,1920,1654,4722,1889,3027,3640,1764,1218,2135,1456,2682,1532,1720,3781,1237,2253,1819,1857,2687,2980,6520,5527,6137,5986,1987,1962,2128,1215,1208,3160,2437,2103,2571,2143,5391,4040,3421,6434,4185,1184,1071,1005,1741,3105,1887,773,1410,889,1621,5109,1033,3442,1515,1861,991,2367,1714,5147,3099,1905,3419,2849
103,2021000000,5,7.2,自動車等関係費,円,23078,7238,18658,25527,23913,24864,20680,24002,21029,36427,29203,19114,24789,22424,24744,17568,13897,17217,21609,23393,20852,48209,37247,31015,27968,29025,28202,26036,15016,16932,44019,35647,31093,21449,26544,27273,40395,27617,16826,42213,29319,23805,8467,19226,28269,14649,41088,25085,27381,19349,26494,32636,20375,12983,33991,19754,26717,19131,24742,24813,24560,41597,14033,14691,17649,33234,19063,18245
104,2021000000,6,7.2.1,自動車等購入,円,6372,41,5173,8253,5613,5947,4132,5090,5445,14531,9243,5514,6629,5664,6799,2638,0,1380,3201,5900,4976,22673,15937,11859,9741,5602,12091,10902,4382,2943,19207,14505,8767,5062,8675,8969,16687,9477,2108,23509,11434,10001,236,8395,9449,2483,18051,4790,7997,4042,4768,11250,2594,549,13071,5139,7805,5309,5849,5570,7473,21060,1494,3658,3103,13831,5179,3798
105,2021000000,6,7.2.2,自転車購入,円,319,72,445,265,332,179,166,115,387,226,333,403,255,238,236,94,135,196,197,259,140,174,82,83,231,296,529,495,746,305,199,296,220,180,148,247,240,222,161,422,390,617,513,288,44,788,121,119,519,420,447,87,127,492,463,103,139,0,303,340,188,87,98,521,626,359,446,137
106,2021000000,6,7.2.3,自動車等維持,円,16387,7230,13039,17009,17968,18738,16382,18797,15197,21671,19627,13197,17905,16522,17709,14836,13763,15641,18211,17234,15736,25363,21227,19074,17996,23126,15582,14639,9887,13684,24612,20846,22106,16207,17721,18057,23469,17918,14557,18282,17494,13187,7718,10543,18776,11378,22917,20176,18865,14887,21279,21299,17654,11942,20457,14512,18772,13822,18590,18903,16899,20450,12442,10512,13920,19044,13438,14311
107,2021000000,5,7.3,通信,円,13285,8896,12909,13466,13588,13124,13275,13521,13008,14721,13449,12731,14187,14141,13606,12532,13904,13629,14012,13697,13798,16669,15899,15284,13059,13380,13753,13933,12330,12879,14810,14476,15377,12335,14431,13480,14006,14109,12796,12488,13198,11638,12544,11732,12862,11880,13196,13662,12829,14096,14649,13494,12749,12980,14221,12795,14694,11944,15642,14385,13293,14342,12913,13713,12137,12709,13483,11561
108,2021000000,4,8,教育,円,11902,2036,15503,12202,10136,7504,6252,6310,15699,7774,12525,11812,7995,7961,8923,7048,9913,5273,9422,10319,5281,10068,9526,7144,9153,9453,14814,15273,19845,20442,12569,12522,14830,9816,10690,7994,11684,14039,10494,12760,11607,16306,10621,16518,9073,8139,8505,6824,13780,11732,9438,9357,8232,12351,9946,16737,6444,5321,9807,6689,7290,7244,6129,23353,12596,9902,12080,4742
109,2021000000,5,8.1,授業料等,円,8924,1721,11511,8842,8091,5669,4840,4954,11822,6062,10032,8032,5702,5550,7147,4633,8448,3528,7905,7562,3364,7197,6607,4179,7127,5918,10146,11138,14555,15194,9125,8878,10452,8503,8684,5542,8613,10390,8503,9775,8153,10900,8153,12131,5413,5025,6100,5110,10426,8372,5883,5061,5613,9527,6941,12798,4659,4674,6307,3775,5049,5115,3616,18613,9146,7312,8449,3457
110,2021000000,5,8.2,教科書・学習参考教材,円,215,334,241,235,187,172,212,149,239,176,209,215,147,231,215,354,306,170,424,161,227,454,223,198,251,335,231,283,283,246,267,429,371,176,378,68,228,284,140,208,190,146,194,142,145,240,126,187,515,181,363,209,206,192,336,462,348,186,348,197,129,112,155,207,212,138,153,84
111,2021000000,5,8.3,補習教育,円,2763,677,3751,3125,1857,1663,1200,1207,3638,1536,2285,3565,2146,2180,1561,2060,1159,1576,1093,2596,1690,2417,2697,2768,1775,3199,4437,3853,5008,5002,3177,3215,4007,1137,1628,2384,2843,3365,1851,2777,3264,5260,2274,4245,3515,2875,2279,1527,2839,3179,3193,4087,2412,2632,2670,3477,1437,461,3152,2717,2112,2017,2358,4534,3237,2452,3478,1201
112,2021000000,4,9,教養娯楽,円,24545,9773,26861,25410,23356,20439,21167,19398,27413,24159,25841,24364,22105,20750,21110,16197,23762,19092,22302,24985,21284,24341,21623,23100,24143,27055,31395,27809,31702,25565,22917,28117,29965,22124,21942,25752,27296,23572,26835,26500,26266,25858,20496,29159,26055,18545,22563,24682,21528,27425,22799,26839,22959,20506,23702,24385,19043,18494,22537,22120,22338,21787,17141,27801,26517,26657,23711,20710
113,2021000000,5,9.1,教養娯楽用耐久財,円,2346,908,2610,2551,2144,1769,2444,1907,2562,2091,2459,2496,2143,2053,1779,1792,2320,1737,2073,3510,1451,1316,2063,1649,2296,2929,3272,2673,3086,2680,1496,2771,3231,1414,1722,2418,2457,2081,2463,2058,2079,2454,1696,2433,2307,948,2123,2187,2235,3725,2029,2988,1621,2246,2250,1517,1661,1378,2126,1406,2670,1932,1456,4032,1285,2548,1546,1939
114,2021000000,5,9.2,教養娯楽用品,円,6619,8570,6722,6652,6826,6036,5831,5955,7085,6653,7062,6082,6996,6136,6114,4976,6145,4724,6485,7605,5505,6770,6108,7063,6981,7472,8310,7415,7769,6062,7541,6847,6912,5359,6688,7855,8032,6134,5918,7193,6769,5763,5281,6186,5885,5889,6343,6574,6153,7061,7187,6749,7287,6036,7408,6250,5901,6121,6732,5575,6237,6412,4505,6971,5871,7763,5869,5618
115,2021000000,5,9.3,書籍・他の印刷物,円,3241,6918,3347,3289,3212,3000,3368,3312,3456,3476,3406,3185,2856,2771,2635,2122,3487,3209,3464,3073,3706,3408,3560,3221,2865,3513,3505,3622,3508,3560,3545,3708,3582,3316,3052,3639,3732,3169,3304,2822,3433,3687,2720,4053,3846,3044,2525,3947,2732,2881,2954,3161,3116,2769,2746,2674,2891,2944,2768,2727,2658,2909,2602,3939,3153,2991,3135,2776
116,2021000000,5,9.4,教養娯楽サービス,円,12338,7729,14181,12918,11174,9635,9524,8224,14310,11939,12915,12601,10109,9790,10583,7308,11810,9422,10280,10797,10622,12847,9891,11166,12001,13142,16308,14098,17340,13263,10335,14791,16240,12035,10480,11840,13074,12187,15150,14427,13985,13953,10799,16488,14018,8664,11572,11974,10409,13758,10629,13941,10935,9454,11298,13945,8590,8051,10912,12412,10773,10534,8578,12858,16209,13356,13161,10377
117,2021000000,6,9.4.1,宿泊料,円,1083,330,1397,1075,899,815,1094,740,1466,935,1096,958,449,366,795,395,1714,247,987,1300,840,1195,756,731,723,1064,1257,1114,2076,1460,681,1165,1545,755,672,1321,1510,1096,1774,1161,1073,694,726,1310,971,775,741,798,422,917,368,728,301,344,933,1359,400,589,721,966,501,529,553,1309,959,1045,777,947
118,2021000000,6,9.4.2,パック旅行費,円,642,272,851,644,564,379,212,256,741,396,862,840,306,226,579,217,398,253,178,207,379,427,604,316,630,805,919,614,1393,520,188,570,528,546,172,219,434,541,1634,343,1382,314,401,1029,738,250,308,36,375,473,492,325,633,506,568,1663,291,491,342,417,309,577,174,225,1267,358,973,503
119,2021000000,6,9.4.3,月謝類,円,2558,1760,2969,2702,2251,1999,1827,1365,2917,2393,3087,2696,1975,1851,2155,1849,2335,1369,2054,1522,1387,2865,2015,2663,3032,3201,3900,2745,3782,2687,2443,2552,5263,1806,1801,2521,3127,2772,2594,4241,2786,3954,1514,3831,2969,1268,2348,3178,2399,3293,2185,2864,2479,1808,2117,2949,1842,1288,2303,1923,2222,2155,1326,2663,2815,4213,2009,1762
120,2021000000,6,9.4.4,他の教養娯楽サービス,円,8055,7450,8965,8497,7460,6441,6391,5863,9186,8214,7869,8107,7380,7347,7054,4846,7363,7553,7061,7768,8016,8360,6515,7456,7616,8073,10232,9624,10088,8597,7023,10504,8903,8928,7835,7778,8002,7778,9147,8683,8744,8992,8158,10318,9340,6372,8175,7963,7213,9075,7584,10025,7521,6796,7680,7974,6057,5683,7545,9106,7741,7273,6525,8661,11168,7739,9402,7164
121,2021000000,4,10,その他の消費支出,円,52377,9830,51598,55317,50689,50538,51391,47262,54590,58114,51908,49686,53595,51828,51750,37961,51583,49762,54058,53411,47963,57846,54005,54524,58347,52684,51303,55850,57046,46566,53491,69143,52969,43667,55269,56218,56898,62381,45674,53512,55205,50426,40685,46748,56987,47277,49065,52949,50047,52934,58495,66446,66830,48973,51275,52251,54123,49531,61509,57954,53019,61938,36753,49496,45871,59175,49787,52132
122,2021000000,5,10.1,諸雑費,円,24059,9702,25406,24858,22903,21814,23238,21536,25465,25031,23405,23538,24993,21189,23325,16060,23344,23623,24529,26701,19987,27264,24884,21934,25501,22419,24924,24092,29322,22536,25856,27821,26289,20264,27686,27333,27026,27766,20544,24435,24126,24544,21566,21517,28379,20074,24981,25789,25119,26698,24906,25753,24251,24304,26088,24439,25455,21582,28229,27268,24335,27599,17347,26758,22610,31948,25384,24876
123,2021000000,6,10.1.1,理美容サービス,円,2963,4075,3303,3079,2734,2469,2607,2427,3328,3192,3144,2821,2813,2342,2469,1523,3050,2533,3243,2631,2845,3245,2849,2896,3030,3454,3432,3181,4135,3172,3416,4419,3415,2758,2548,3442,3724,3021,3398,3128,3105,3072,2866,2724,3393,2327,2693,3053,2928,3254,2943,2916,3174,2342,2975,2830,2680,2357,2807,3004,2444,2544,1725,3211,2842,2621,2931,2464
124,2021000000,6,10.1.2,理美容用品,円,4599,8715,4865,4676,4527,4069,4102,3730,4837,4571,4905,4437,4875,4087,4465,4076,4054,3533,4466,4289,4156,4922,4104,3939,4919,5109,5584,5123,5187,5022,4832,5025,5462,3888,5259,4869,5144,4368,4325,4822,4894,4848,4436,3963,4579,3782,4243,4528,4796,5568,4602,5062,4477,3989,4904,5112,5013,4265,5525,4742,5332,4723,4134,5360,4327,5024,4349,4777
125,2021000000,6,10.1.3,身の回り用品,円,1506,3034,1772,1683,1364,881,830,865,1919,1117,1566,1413,1336,823,1268,1074,889,687,1782,1339,977,1385,795,1241,1371,1755,2151,1284,2221,1591,1154,1078,2199,491,1573,1654,2077,2230,1630,1258,1343,1441,1298,1579,1459,686,900,1329,1166,2899,1036,990,1343,1047,1112,2142,1106,1063,1747,2335,1050,1210,1113,1397,1551,1727,2366,1887
126,2021000000,6,10.1.4,たばこ,円,1187,1173,1184,1250,1131,1152,1977,1108,1114,1363,1152,1131,1604,1293,1000,918,2153,973,816,1426,599,1175,1960,877,1038,690,798,1190,1079,1206,1376,876,1142,747,1667,1642,705,768,1062,885,979,1168,1262,727,1251,1466,1352,762,1895,1592,900,1626,2054,926,1367,1181,615,859,1036,1015,886,625,788,1324,1209,677,819,1038
127,2021000000,6,10.1.5,他の諸雑費,円,13805,7265,14282,14169,13146,13244,13722,13407,14267,14787,12637,13735,14364,12644,14122,8469,13197,15896,14224,17016,11410,16537,15175,12981,15143,11411,12958,13313,16699,11545,15077,16423,14071,12381,16639,15726,15376,17378,10129,14341,13805,14016,11704,12523,17698,11814,15793,16117,14333,13386,15426,15158,13203,16000,15730,13174,16040,13038,17114,16172,14622,18499,9586,15467,12681,21899,14919,14710
128,2021000000,5,10.2,こづかい(使途不明),円,7078,2281,6832,7175,7563,6557,7744,6592,6803,6318,8213,7718,6171,6264,7053,4623,7934,6755,7070,6148,8847,7218,6679,8181,8061,6686,5159,7723,6619,6890,9401,4753,7030,4247,6182,4340,7971,8870,7724,7279,6701,7692,5710,7640,6557,7167,3852,3573,5528,6474,5971,7886,10863,5838,5797,6044,7689,8702,5558,7220,5692,7758,3403,5599,6833,5789,9377,7127
129,2021000000,5,10.3,交際費,円,15044,6804,14943,15665,14000,15627,13264,13554,16268,15734,13868,13988,15113,14482,15590,11984,12664,11470,12937,12896,13660,18610,15888,14118,14716,18015,18729,20106,16037,15710,12904,17414,13357,11893,12323,13216,16060,15618,15178,15177,17886,14663,10262,15538,18553,14976,15568,15139,12069,13753,15098,13891,18130,12920,12834,15469,14958,14586,15681,15942,18980,20685,12343,15619,15862,13412,13321,13372
130,2021000000,6,10.3.1,食料,円,3640,3708,3523,3669,3500,4021,3691,3635,3663,3874,3718,3464,3393,4098,3746,2729,3622,3463,3293,3887,4531,4122,5517,4191,3830,4075,2795,3810,3796,3545,3952,4272,3933,3116,3311,3392,4750,3153,4363,4486,3886,4423,2772,3194,3697,4185,4527,3325,3273,2660,3666,3611,5694,3061,3991,3349,4737,2839,3715,4144,3492,5117,2773,3202,3579,3111,3340,2553
131,2021000000,6,10.3.2,家具・家事用品,円,168,344,150,180,155,197,99,165,182,235,148,174,161,159,153,94,64,233,112,210,189,198,178,216,204,341,101,120,182,113,214,448,102,300,312,236,205,133,122,287,438,90,215,146,191,155,244,105,194,121,378,159,164,185,147,134,311,121,155,158,177,296,128,228,158,154,121,91
132,2021000000,6,10.3.3,被服及び履物,円,354,567,366,359,319,378,299,271,301,343,427,369,392,378,498,274,324,222,263,262,297,401,399,403,346,339,466,302,305,330,496,477,329,250,266,332,698,301,567,363,367,257,476,315,515,205,409,420,371,510,330,246,429,383,390,314,424,434,522,558,305,683,304,303,411,336,390,453
133,2021000000,6,10.3.4,教養娯楽,円,707,914,797,652,703,662,717,700,732,700,698,650,733,736,722,512,774,364,1006,738,549,886,1136,756,422,1155,1063,2101,684,726,1118,1203,598,573,491,573,1269,625,1000,863,762,1165,522,437,1015,367,466,707,581,681,673,728,756,631,481,664,568,490,683,766,550,1486,530,1222,739,517,1153,526
134,2021000000,6,10.3.5,他の物品サービス,円,349,590,411,336,325,302,318,317,366,413,290,353,397,283,361,307,288,314,391,373,333,221,251,361,442,280,545,740,507,397,319,1410,314,226,365,302,414,147,356,610,273,355,425,257,361,230,394,132,313,418,473,292,352,234,333,438,337,169,389,1057,337,523,371,427,164,257,412,378
135,2021000000,6,10.3.6,贈与金,円,6315,2393,5228,6658,6120,7919,5973,6434,6261,7240,5819,5545,7319,6912,7340,6181,4806,5130,5871,4927,5732,9833,6464,5635,7608,8518,4572,5203,5700,3233,4791,6787,6029,5658,5488,6385,6332,8644,6135,6136,5440,6154,3637,4414,8562,8116,6012,6840,4759,5299,5867,6432,8199,6990,4727,5008,6195,8235,6547,5759,11738,9694,5277,5898,6029,6194,6444,6894
136,2021000000,6,10.3.7,他の交際費,円,3509,3507,4468,3811,2877,2148,2167,2032,4763,2928,2768,3432,2717,1916,2769,1888,2786,1744,2001,2500,2029,2949,1943,2555,1864,3309,9186,7829,4864,7366,2013,2818,2051,1769,2092,1997,2391,2615,2634,2433,6721,2219,2214,6775,4212,1718,3516,3610,2578,4064,3712,2424,2537,1435,2765,5562,2387,2298,3670,3500,2382,2887,2959,4339,4782,2843,1462,2477
137,2021000000,5,10.4,仕送り金,円,6196,641,4416,7620,6223,6539,7145,5580,6055,11031,6423,4442,7318,9893,5783,5294,7640,7914,9521,7666,5469,4754,6554,10291,10068,5563,2491,3928,5068,1429,5330,19155,6293,7262,9078,11329,5842,10127,2229,6621,6491,3527,3148,2054,3497,5060,4664,8448,7332,6009,12520,18917,13587,5911,6557,6298,6021,4662,12041,7525,4012,5895,3660,1521,566,8025,1704,6757
138,2021000000,4,00000,(再掲)教育関係費,円,18521,5392,20714,19583,17076,14656,14115,12066,22310,18809,19642,16418,15212,17809,15511,11647,18906,13779,21054,18912,10590,16227,17075,15669,19863,16843,20029,20109,25388,23523,18309,31368,21348,18214,20376,19541,19315,24922,13389,19811,19824,19667,12738,18787,12705,13808,14646,16811,21188,19310,19938,19918,22389,19471,17485,25632,12402,8642,22443,14848,12553,13392,9890,25942,14238,18508,14468,12265
139,2021000000,4,00000,(再掲)教養娯楽関係費,円,26108,9755,29091,26911,24508,21561,22136,20810,29553,25427,26873,25705,23479,22138,22227,17225,25136,20123,23840,27750,22547,26438,23539,24279,25038,29608,33832,32026,34774,28106,24674,29662,31262,23226,22641,27120,28992,24494,28326,27321,28637,27992,22201,30639,28346,19292,22822,25832,23003,28564,23908,28392,23352,21041,24406,26878,19816,19821,23343,23900,22720,24326,18892,30734,27845,27674,25675,21979
140,2021000000,4,00000,(再掲)移転支出(贈与金＋仕送り金),円,12511,2821,9644,14278,12344,14458,13118,12014,12315,18272,12241,9988,14638,16805,13122,11475,12447,13044,15392,12593,11200,14587,13018,15926,17676,14081,7064,9132,10768,4662,10121,25942,12322,12920,14566,17714,12174,18771,8364,12757,11931,9680,6785,6468,12059,13176,10676,15288,12091,11308,18387,25348,21786,12901,11284,11307,12216,12897,18588,13284,15749,15589,8937,7419,6595,14219,8148,13651
141,2021000000,4,00000,(再掲)経常消費支出,円,202828,10000,213464,205801,196568,187273,198945,191861,212958,207001,202051,199503,197896,184266,190833,171247,210161,189655,201661,208296,193402,226985,206099,195284,199980,199557,224201,224114,229326,218643,216749,214347,220697,185722,198897,198085,216794,204414,192796,194765,212411,200840,199016,206845,206745,174853,194564,203936,201089,208424,205013,205433,199395,179159,206394,208808,202531,189904,209020,201618,188192,208133,181696,224104,198918,204607,205531,186992
142,2021000000,4,00000,(再掲)情報通信関係費,円,16985,8764,16773,17384,17175,16262,16759,16314,16952,18873,16983,16710,17482,17690,17116,14635,17954,17536,17148,17086,18345,19972,18816,17697,16864,16748,18724,17497,15855,16936,17769,20232,19636,18193,18476,17132,17933,18008,16221,16284,17102,15848,17374,15834,16975,15941,17676,18013,15643,18117,18477,18000,16882,16309,17692,16483,18242,14561,18738,19265,17854,17248,15007,17423,17285,15698,18815,15065
143,2021000000,4,00000,(再掲)消費支出(除く住居等)1),円,241812,10000,255362,245876,233468,222032,223691,220953,259115,245419,246825,235533,228873,212620,223881,190301,233936,217461,237138,245826,221258,263650,243860,226208,236094,247157,279750,271641,280618,264848,260205,263355,270740,219824,230847,235900,260974,246003,232254,244065,260050,246385,219664,247066,251158,199136,226907,235603,236316,245386,234714,246208,231746,216971,236156,248117,229089,214033,240155,228647,217258,240463,190568,268562,239717,249628,245561,216924
144,2021000000,1,00000,エンゲル係数,％,27.2,...,27.9,26.6,27.1,26.8,26.3,28,27.4,25.7,26.8,28.1,26,26.1,26.1,29.1,26.6,28.4,27,26.6,29.2,24.7,26.1,24.7,26.5,26.3,27.6,27.8,28.2,28.8,25.5,25.6,27.3,28.7,27,24.5,25.4,26,28.6,24.8,27.3,28.6,31.4,27.1,26.8,28.8,25.1,26.4,25.7,26.4,24.5,25.9,25.9,27.8,26.7,26.4,25.1,28.4,24.7,24.8,27.8,23.6,29.3,28,28.8,26.3,29.3,28.9
145,2021000000,1,00000,年間収入,万円,...,...,...,...,...,...,...,...,...,...,...,...,...,...,...,...,...,...,...,...,...,...,...,...,...,...,...,...,...,...,...,...,...,...,...,...,...,...,...,...,...,...,...,...,...,...,...,...,...,...,...,...,...,...,...,...,...,...,...,...,...,...,...,...,...,...,...,...
146,2021000000,1,00000,調整集計世帯数,単位なし,645841,...,183403,203062,159186,100191,26867,43107,238696,25551,77459,106312,37160,19249,64503,6938,9662,1414,1446,5096,1516,1260,1414,1407,2706,1775,6707,5231,44899,19785,3952,2062,2258,1236,1009,1991,2085,3721,11364,1463,1805,7139,12829,7830,1928,1930,931,1001,3513,6007,976,1255,2166,2572,1670,7100,1162,2199,3714,2456,2088,3057,1591,7519,3810,4152,4428,4949
